"","baseMean","log2FoldChange","lfcSE","padj","Phylum","Class","Order","Family","Genus","Species","Bd_inhibition","change"
"9454cca99d0f11e31d41c2c54243fbc9",62.9909950869067,25.152775764774,2.11689804383619,1.79360643177627e-30,"Proteobacteria","Gammaproteobacteria","Salinisphaerales","Solimonadaceae","uncultured","Solimonas_sp.",NA,"Increase"
"df71de0e92459aa808364311135bb8fc",232.78425570235,25.6588600567439,2.15974546091894,1.79360643177627e-30,"Proteobacteria","Gammaproteobacteria","Burkholderiales","Comamonadaceae","Variovorax","",NA,"Increase"
"361f5a0499d7c46e4a69b3e10b48bb7f",42.352308033828,24.4555018759694,2.16942292843515,1.07257797958661e-27,"Proteobacteria","Alphaproteobacteria","Rhizobiales","Hyphomicrobiaceae","Hyphomicrobium","",NA,"Increase"
"f607eb4b05c3ff6ff32688f86c678447",29.870973786298,24.1776257982485,2.45787332398865,3.12606973879011e-21,"Proteobacteria","Gammaproteobacteria","Burkholderiales","Comamonadaceae","Hydrogenophaga","uncultured_bacterium",NA,"Increase"
"79de530013dc894edc4ffef91d2a3585",30.4056686383724,8.38440836896993,1.37150124838357,8.36462510859091e-09,"Actinobacteriota","Actinobacteria","Propionibacteriales","Nocardioidaceae","Nocardioides","Nocardioides_sp.",NA,"Increase"
"1e104b993416995498346089f57fd3bf",8232.04807085177,5.87293118011836,1.0179820936838,6.16675295517583e-08,"Proteobacteria","Gammaproteobacteria","Burkholderiales","Methylophilaceae","Methylophilus","uncultured_bacterium",NA,"Increase"
"52d9fb3d0606507ffdb851bed161155c",26.1001831248291,8.16431068829504,1.58254718293718,1.70272729193364e-06,"Planctomycetota","OM190","OM190","OM190","OM190","uncultured_bacterium",NA,"Increase"
"750ebf92bda417308378ee3d7d686baa",1250.62457623883,6.69678079780691,1.30535536289226,1.92919647956275e-06,"Proteobacteria","Gammaproteobacteria","Burkholderiales","Comamonadaceae","","","inhibitory","Increase"
"7ada9e0268a1f22ffd4b514989a91672",2893.24843966886,5.64859945467152,1.11462359265121,2.51997458528094e-06,"Proteobacteria","Gammaproteobacteria","Salinisphaerales","Solimonadaceae","Hydrocarboniphaga","uncultured_bacterium",NA,"Increase"
"38e6590dd91eb0b5561b608de27426eb",5176.90842184187,5.86583689018247,1.15822862485281,2.51997458528094e-06,"Proteobacteria","Gammaproteobacteria","Burkholderiales","Comamonadaceae","","",NA,"Increase"
"650d67f7c678bf6b71598b2c514f0315",52.431527261083,9.17056249533151,1.82370257658045,2.96536087645207e-06,"Actinobacteriota","Actinobacteria","Frankiales","uncultured","uncultured","Actinomycetales_bacterium",NA,"Increase"
"5aa44ccd479f0310c977c1a673c4ad0a",26.78926143789,6.79652656639376,1.36845860521563,3.98940351986635e-06,"Proteobacteria","Alphaproteobacteria","Sphingomonadales","Sphingomonadaceae","","",NA,"Increase"
"ef842304c4abd41a0d12022583c3e8be",84.7881673053837,7.84509170416799,1.63961728787871,9.3401006900037e-06,"Proteobacteria","Gammaproteobacteria","Burkholderiales","Comamonadaceae","Hydrogenophaga","uncultured_bacterium",NA,"Increase"
"7ebbb1e6f79a2910951c191a4bf1df66",1571.88914104963,4.96639933540736,1.08102354625918,2.16028184706435e-05,"Proteobacteria","Gammaproteobacteria","Burkholderiales","Rhodocyclaceae","Methyloversatilis","uncultured_bacterium",NA,"Increase"
"fbfb69032bce060bcbccdcbc0b5a7b2e",3620.95999415857,4.37039510534092,0.981240967631937,3.9673403870669e-05,"Proteobacteria","Gammaproteobacteria","Salinisphaerales","Solimonadaceae","Nevskia","uncultured_bacterium",NA,"Increase"
"5afee2e7e16ac57a0f0b894c0a52aa81",11950.7157129331,4.40649553589923,0.998896291308829,4.65152952746133e-05,"Proteobacteria","Gammaproteobacteria","Salinisphaerales","Solimonadaceae","Nevskia","",NA,"Increase"
"3accfd6f1b545ed5f7500a7f5a17636d",125.769929591392,4.89710525364677,1.23799158500584,0.000310436063552874,"Bacteroidota","Bacteroidia","Flavobacteriales","Crocinitomicaceae","Fluviicola","uncultured_bacterium",NA,"Increase"
"8b8f62746b56aafe0c51d5713204adde",110.06179224232,8.3735704850237,2.22323147728361,0.000602257911480721,"Proteobacteria","Gammaproteobacteria","Salinisphaerales","Solimonadaceae","Hydrocarboniphaga","uncultured_bacterium",NA,"Increase"
"fca1ed7792b0c80cd00c60203ba400e8",42.7604218162915,6.44173994770716,1.73117024354421,0.000690122637435943,"Bacteroidota","Bacteroidia","Flavobacteriales","Flavobacteriaceae","Flavobacterium","Flavobacterium_aquatile",NA,"Increase"
"52a6da9b993cdf8b44cbdbd9d86657a6",59.7313509747006,4.07724254766296,1.20472047013262,0.00211368565525185,"Myxococcota","Polyangia","Nannocystales","Nannocystaceae","Nannocystis","uncultured_Myxococcales",NA,"Increase"
"ad72127c01dac114c005c83404612b5d",51.3980164434822,3.90433916694645,1.16600392519045,0.0023428301113617,"Proteobacteria","Alphaproteobacteria","Caulobacterales","Caulobacteraceae","Brevundimonas","","ns","Increase"
"3dbf66ee7707a9c91038139380697b07",12.0840834826847,5.62787297358595,1.71281035880028,0.00283841590386632,"Proteobacteria","Gammaproteobacteria","Pseudomonadales","Pseudomonadaceae","Pseudomonas","Pseudomonas_anguilliseptica",NA,"Increase"
"dfdaf52db0c945f03f32a278f5bb7a62",11.6090678585367,6.14215394011183,1.89702021216444,0.00321224665312496,"Proteobacteria","Alphaproteobacteria","Sphingomonadales","Sphingomonadaceae","Sphingopyxis","Sphingopyxis_sp.",NA,"Increase"
"b185474a58ab7f644252271d266a730d",9.58708894787434,6.71987772242671,2.08576933672128,0.00335998728898796,"Bacteroidota","Bacteroidia","Chitinophagales","Chitinophagaceae","Edaphobaculum","",NA,"Increase"
"c58e5bf355be030d93e26cfa7e766dab",12.2400990240841,7.07179660130137,2.23158252630889,0.00382463125680728,"Proteobacteria","Gammaproteobacteria","Burkholderiales","Comamonadaceae","","","inhibitory","Increase"
"3e6ed11dba3266973529e728a20bf957",8.99391359923458,6.6275424898635,2.20548593498127,0.00569053248690538,"Proteobacteria","Gammaproteobacteria","Burkholderiales","Comamonadaceae","","",NA,"Increase"
"8523f8f3dbc4ce355238e3dcffe73caf",6.43543332208567,6.14403917533448,2.05090729364581,0.00581428787702143,"Proteobacteria","Alphaproteobacteria","Rickettsiales","Rickettsiaceae","uncultured","metagenome",NA,"Increase"
"c4c8fca0e69e298376d4dd487d43733e",67.8174100950238,4.94792281880913,1.68208408195846,0.00664233347420414,"Proteobacteria","Alphaproteobacteria","Rhizobiales","Hyphomicrobiaceae","Hyphomicrobium","",NA,"Increase"
"e416d0916760d2fc17b616e2ac3ad855",884.223904728922,2.05773487263439,0.721493230358064,0.00834014352645484,"Proteobacteria","Gammaproteobacteria","Burkholderiales","Methylophilaceae","Methylotenera","uncultured_bacterium",NA,"Increase"
"887a96a5ea8890f2592a0fd3e5933b0d",13.3919784746887,4.835706843134,1.73024159327993,0.00981340463534436,"Myxococcota","Polyangia","Blfdi19","Blfdi19","Blfdi19","uncultured_bacterium",NA,"Increase"
"435fd033e4772ad97cecd035c9aceba5",7.46570705451921,6.3587578032594,2.36709156444355,0.0131353740213063,"Actinobacteriota","Actinobacteria","Corynebacteriales","Mycobacteriaceae","Mycobacterium","uncultured_bacterium",NA,"Increase"
"8f71a7b9dc989c5b4688583a2111651f",10.032068257724,3.61975710324322,1.35138987986309,0.0133431051704491,"Bacteroidota","Bacteroidia","Chitinophagales","Chitinophagaceae","Terrimonas","",NA,"Increase"
"bcba47620c299fd34809f143e3d26dff",4.98281282806669,5.77657771909042,2.16575114430842,0.0136973866346567,"Proteobacteria","Alphaproteobacteria","Sphingomonadales","Sphingomonadaceae","Sphingomonas","","ns","Increase"
"0866acfdebde7c80cdb63b297c774958",3.823847659135,5.39425044474711,2.13805055453588,0.0188702124777828,"Bacteroidota","Kapabacteria","Kapabacteriales","Kapabacteriales","Kapabacteriales","uncultured_bacterium",NA,"Increase"
"e73fd3a8e69bacb87efec068596af9a0",85.6264484621873,5.12650991371797,2.05579847788993,0.0199618992098181,"Proteobacteria","Gammaproteobacteria","Burkholderiales","Comamonadaceae","","",NA,"Increase"
"31c51c7cfd98f27206b360d393dd2948",7.13223736839387,6.29307821356914,2.52846504918632,0.0199701244061741,"Proteobacteria","Gammaproteobacteria","Burkholderiales","Methylophilaceae","","",NA,"Increase"
"5fb61a61dce165d42d137f5260e7b0c8",6.48216406108187,6.15487823402612,2.54243575736544,0.0233404760401513,"Proteobacteria","Alphaproteobacteria","Rhizobiales","Hyphomicrobiaceae","Hyphomicrobium","",NA,"Increase"
"cf447d0a179fa9408a8adb7a829d767e",10.8300711952887,5.16322548930545,2.19875027196551,0.0272698155859455,"Actinobacteriota","Actinobacteria","Pseudonocardiales","Pseudonocardiaceae","Pseudonocardia","",NA,"Increase"
"a60f0b4bc20e5a162b45b3d2ed7a0d6c",4.62028790415587,4.35848732397629,1.86454081450179,0.027894280752141,"Proteobacteria","Alphaproteobacteria","Caulobacterales","Caulobacteraceae","Caulobacter","","ns","Increase"
"6c3fb343f46983254cdb83e99fa07a49",55.8541375183453,2.97269288752038,1.27787107317982,0.0284070924284357,"Proteobacteria","Alphaproteobacteria","Rhodobacterales","Rhodobacteraceae","Rhodobacter","",NA,"Increase"
"02a021a4a33ccd51f4b020422088397b",153.077265469724,3.31923688823402,1.48628246230992,0.0344259969938582,"Bacteroidota","Bacteroidia","Flavobacteriales","Flavobacteriaceae","Flavobacterium","Antarctic_bacterium","ns","Increase"
"97f83e381bd05e6b0dc0eae8402bf1b4",5.31603759862129,4.56780138355756,2.14100764802973,0.0417589875503353,"Bacteroidota","Bacteroidia","Flavobacteriales","Crocinitomicaceae","Fluviicola","Candidatus_Fluviicola",NA,"Increase"
"d6812f0202df5f8eb1d2b471b3bb3459",4.71120999474642,5.69375449434939,2.71135581510647,0.0446648116936221,"Bacteroidota","Bacteroidia","Flavobacteriales","Flavobacteriaceae","Flavobacterium","",NA,"Increase"
"3da13822a4e59d2d70a6ec427c82e650",4.24914973807303,5.54575638203763,2.68577003367682,0.0481678022872408,"Proteobacteria","Alphaproteobacteria","Rhizobiales","Xanthobacteraceae","","",NA,"Increase"
"3cf9109295c4ca660c5425a2a2dc1070",47.3930604333374,-25.6426176332326,2.26153462871582,6.75946071014006e-28,"Proteobacteria","Alphaproteobacteria","Rhodobacterales","Rhodobacteraceae","Rhodobacter","uncultured_Rhodobacter",NA,"Decrease"
"5c4648d415fbb34395de7bf03a3606aa",219.0266835601,-11.2149774186615,1.06323399895994,2.49108254089979e-24,"Proteobacteria","Gammaproteobacteria","Methylococcales","Methylomonadaceae","Crenothrix","uncultured_bacterium",NA,"Decrease"
"260338037b5c91ecf1559ab150997f0c",81.2438493443356,-9.78417482187069,1.03706028718487,1.29966085775619e-19,"Proteobacteria","Alphaproteobacteria","Sphingomonadales","Sphingomonadaceae","Rhizorhapis","",NA,"Decrease"
"c6a33d143b0b1bcf4004c909a4af6aa8",13.162806366829,-23.9048836880433,2.53653098534227,1.29966085775619e-19,"Proteobacteria","Alphaproteobacteria","Rhizobiales","Rhizobiales_Incertae_Sedis","uncultured","",NA,"Decrease"
"cd8a0f3aa3893389792b288dd9359d87",57.4493921689015,-9.28439261082555,0.987427228807376,1.41936892649506e-19,"Actinobacteriota","Actinobacteria","Micrococcales","Microbacteriaceae","Candidatus_Limnoluna","uncultured_bacterium","inhibitory","Decrease"
"f45c7d5fc6833e0bfda7562d5c85339d",130.539475991076,-10.4682680275423,1.11741038731021,1.76855878700732e-19,"Proteobacteria","Gammaproteobacteria","Methylococcales","Methylomonadaceae","Methylomonas","",NA,"Decrease"
"ad53576cccb4fb7af5597cb3f5168ab2",94.8606937969727,-10.0078636187461,1.15684952405038,1.11417160220263e-16,"Proteobacteria","Gammaproteobacteria","Burkholderiales","Comamonadaceae","","",NA,"Decrease"
"27af011f1ebcc0867bb168193e6a9d27",20.4253133013236,-23.8756328007134,2.77526648019455,1.55310502000838e-16,"Proteobacteria","Gammaproteobacteria","Burkholderiales","Comamonadaceae","","",NA,"Decrease"
"d1846621d56307859a8d6c6bf12e33cd",34.5473408507194,-8.55114265539538,1.02579447701919,1.41729298274806e-15,"Verrucomicrobiota","Verrucomicrobiae","uncultured","uncultured","uncultured","uncultured_Opitutae",NA,"Decrease"
"4e5ff310075a50266f9d480989d68398",100.763948186585,-10.0950779541815,1.21840534538653,2.01651012724746e-15,"Proteobacteria","Gammaproteobacteria","Burkholderiales","Burkholderiaceae","Polynucleobacter","Polynucleobacter_necessarius","ns","Decrease"
"3f2c25846819535f96bbe254f03bc79d",68.890634067961,-9.54670629302231,1.18296724684218,1.1235206279481e-14,"Cyanobacteria","Cyanobacteriia","Cyanobacteriales","Nostocaceae","Aphanizomenon_NIES81","Anabaena_sp.",NA,"Decrease"
"acccb7cec4d146864bc11d37da55dcd0",5.44159317317606,-22.6020396632995,2.92690144979153,1.71544394372018e-13,"Proteobacteria","Gammaproteobacteria","Burkholderiales","Methylophilaceae","Methylotenera","uncultured_bacterium",NA,"Decrease"
"14a0e05106135e35f3516fe52964651f",94.7475071852864,-10.0063445759757,1.3384245121565,1.07994178474479e-12,"Campilobacterota","Campylobacteria","Campylobacterales","Arcobacteraceae","Pseudarcobacter","uncultured_bacterium",NA,"Decrease"
"fe3d89d3013a6f723037fa55d117a00a",44.5073975900494,-8.03859969765281,1.07950413731633,1.27734027509318e-12,"Proteobacteria","Gammaproteobacteria","Burkholderiales","Chromobacteriaceae","Vogesella","uncultured_bacterium",NA,"Decrease"
"8a708778e5a5f5a6d79a3923406f7fca",50.8972166440375,-9.10987757728164,1.23622422972941,2.16966852085198e-12,"Proteobacteria","Alphaproteobacteria","Rhizobiales","Rhizobiaceae","Allorhizobium-Neorhizobium-Pararhizobium-Rhizobium","",NA,"Decrease"
"1a226ce3860520d178a1fef1d5ef6ed4",39.9342091099894,-8.7598674902252,1.20305533661694,3.96593932875921e-12,"Proteobacteria","Gammaproteobacteria","Burkholderiales","Comamonadaceae","Hydrogenophaga","",NA,"Decrease"
"eb2625c1474f98f554b002fcd5d1088e",67.8607558602255,-8.35947348795704,1.1514712588984,4.42979695782831e-12,"Bacteroidota","Bacteroidia","Cytophagales","Spirosomaceae","Flectobacillus","",NA,"Decrease"
"b73cb42e006377b6fde3161fcec1d0f9",29.6813528520324,-8.33207707821679,1.28342684147173,9.23711783926064e-10,"Proteobacteria","Gammaproteobacteria","Burkholderiales","Rhodocyclaceae","Dechloromonas","uncultured_bacterium",NA,"Decrease"
"7d5f671eabffd7d653d18e5598a30d17",20.0986314537222,-7.76953793318377,1.21581742016193,1.72666119548894e-09,"Proteobacteria","Gammaproteobacteria","Methylococcales","Methylomonadaceae","Crenothrix","uncultured_bacterium",NA,"Decrease"
"bf1a3f0d17d836dae864713fd8ea4f4e",694.191452951422,-8.01503512348444,1.26004667703061,2.0057063175549e-09,"Bacteroidota","Bacteroidia","Flavobacteriales","Weeksellaceae","Chryseobacterium","",NA,"Decrease"
"f7ea6d3245255cf0a50c2b31c370bd8f",53.0439060939245,-9.16933595974659,1.45628429696989,2.92468315788897e-09,"Proteobacteria","Gammaproteobacteria","Burkholderiales","Comamonadaceae","","",NA,"Decrease"
"6945d94103ada823c2811f2b81c56ba0",47.835901776409,-9.02007249991769,1.44165208562818,3.6282012280503e-09,"Proteobacteria","Alphaproteobacteria","Rhodobacterales","Rhodobacteraceae","Rhodobacter","",NA,"Decrease"
"d931a46b5a8fba444c21c83af5f32e8f",50.3053144399731,-8.21353542284072,1.32539283781667,5.11364845924012e-09,"Firmicutes","Clostridia","Peptostreptococcales-Tissierellales","Peptostreptococcaceae","","",NA,"Decrease"
"653334c36340a20181971e05d9b4e110",61.1742773055346,-9.37511360490583,1.58555232563149,2.78286977893833e-08,"Proteobacteria","Gammaproteobacteria","Burkholderiales","Comamonadaceae","","","inhibitory","Decrease"
"8f23fdcf6f94f67605d968b6e4a61a01",12.1112857004302,-7.03958461051046,1.19249972577925,2.85184767182135e-08,"Actinobacteriota","Actinobacteria","Frankiales","Sporichthyaceae","hgcI_clade","",NA,"Decrease"
"5f8c17bb109331397db134013bf9e9ba",9.19691673102948,-6.64265518999158,1.17115273545668,1.05919979903644e-07,"Proteobacteria","Gammaproteobacteria","Burkholderiales","Methylophilaceae","","",NA,"Decrease"
"cd3252d96bdb1efe5fc05bc00a9d9309",14.382446651425,-7.28689343338957,1.29038039616484,1.18681454193395e-07,"Actinobacteriota","Actinobacteria","Frankiales","Sporichthyaceae","hgcI_clade","Candidatus_Planktophila",NA,"Decrease"
"c757ad670c5d796cb866c941c62c4e33",18.5351100939917,-7.65241509293729,1.46362648781513,1.20698371934701e-06,"Bacteroidota","Bacteroidia","Flavobacteriales","Flavobacteriaceae","Flavobacterium","","ns","Decrease"
"1311afbd3fc0def56f4d60f73a2e2832",26.2698655126615,-8.15501300549177,1.59911810078724,2.20672215473072e-06,"Proteobacteria","Gammaproteobacteria","Methylococcales","Methylomonadaceae","Methylomonas","Methylomonas_sp.",NA,"Decrease"
"c39ea129388a077989abed2081b5fe88",15.0112970619386,-5.82096551604095,1.20230822032213,7.36388151004207e-06,"Bacteroidota","Bacteroidia","Cytophagales","Spirosomaceae","Pseudarcicella","uncultured_bacterium",NA,"Decrease"
"17f70f39f64f127375861b0e6db0af96",24.3087606491462,-8.04374218040225,1.66971662927246,8.11643337768551e-06,"Proteobacteria","Alphaproteobacteria","Rhodobacterales","Rhodobacteraceae","","",NA,"Decrease"
"f9f34bdd8ecc204c9cd62e1ed75bf82d",13.5612557978347,-7.20223803971547,1.5176401909192,1.10829206284648e-05,"Proteobacteria","Alphaproteobacteria","Rhizobiales","Rhizobiales_Incertae_Sedis","Phreatobacter","uncultured_bacterium",NA,"Decrease"
"54658c5cabc3c6c07f1e6556120cc99c",29.6544977374218,-8.33040637255372,1.80069678780469,1.94302344538252e-05,"Proteobacteria","Gammaproteobacteria","Burkholderiales","Comamonadaceae","Rhizobacter","","inhibitory","Decrease"
"4078fc5ccccbf133e10b6bf4f6461c02",11.1510144320453,-6.9205036122681,1.50250379712456,2.09630455063189e-05,"Planctomycetota","Planctomycetes","Pirellulales","Pirellulaceae","Pirellula","",NA,"Decrease"
"d20b46e3c9d79a8e49a48f112fc03d4f",71.4585394543739,-5.76391520169957,1.2554723907278,2.16028184706435e-05,"Firmicutes","Clostridia","Peptostreptococcales-Tissierellales","Peptostreptococcaceae","Romboutsia","",NA,"Decrease"
"6b94959874b693c3304e68c57cefd287",6.92105579084592,-6.23158141682813,1.39695980161684,3.91910192261761e-05,"Actinobacteriota","Actinobacteria","Frankiales","Sporichthyaceae","Sporichthyaceae","metagenome",NA,"Decrease"
"f3568df8761f514321bcc3925853154c",9.66382831537901,-6.71329434862536,1.51991403672621,4.62142045090826e-05,"Actinobacteriota","Actinobacteria","PeM15","PeM15","PeM15","metagenome",NA,"Decrease"
"1379b7cf244192d09cdb187aa15fb29e",13.3215351579537,-7.17608781794949,1.6486857969532,5.97892293039552e-05,"Bacteroidota","Bacteroidia","Sphingobacteriales","NS11-12_marine_group","NS11-12_marine_group","uncultured_Cytophagales",NA,"Decrease"
"3e7dce7915fe7e057405094158109afe",38.9775928889785,-8.72474040682686,2.08692683239075,0.000126832916146118,"Proteobacteria","Gammaproteobacteria","Methylococcales","Methylomonadaceae","Crenothrix","uncultured_Methylobacter",NA,"Decrease"
"5b4d690fee5d5fbaa8443fc4aaff3ea1",25.2761321388163,-8.09998256711247,1.94182206287472,0.00012978240268045,"Proteobacteria","Alphaproteobacteria","Sphingomonadales","Sphingomonadaceae","Novosphingobium","",NA,"Decrease"
"20090f7dd0d441228cb490f8d85c1b3e",8.74939346539419,-6.57031358287433,1.60743480005133,0.000183636089587757,"Proteobacteria","Gammaproteobacteria","Methylococcales","Methylomonadaceae","uncultured","metagenome",NA,"Decrease"
"c5e3ad11caa2b7421fffb16db6594663",19.4590955076292,-6.70022010443362,1.64835267095886,0.000198927504217906,"Firmicutes","Clostridia","Clostridiales","Clostridiaceae","Clostridium_sensu_stricto_1","uncultured_bacterium",NA,"Decrease"
"13b6fe10adac49ecc9b14fe3058e7cc4",36.6311221157646,-4.77796189851797,1.21166702323578,0.000321477242699361,"Bacteroidota","Bacteroidia","Chitinophagales","Chitinophagaceae","Sediminibacterium","",NA,"Decrease"
"48ee01c49764dda6f73995bb6fe0c983",14574.6696031989,-4.49258815318537,1.14164710550808,0.000327084481243144,"Proteobacteria","Gammaproteobacteria","Burkholderiales","Comamonadaceae","","",NA,"Decrease"
"43fddf1528d4a98928fd8c3a8ac23bfd",15.9031820899612,-7.43216039780879,1.90434783548565,0.000368178419454945,"Proteobacteria","Gammaproteobacteria","Pseudomonadales","Pseudomonadaceae","Pseudomonas","",NA,"Decrease"
"eba80591a75566e2d2f87d63bc0dd9ea",7.09837900821636,-6.26861189463173,1.61476249058894,0.000394565562035563,"Verrucomicrobiota","Verrucomicrobiae","Verrucomicrobiales","Rubritaleaceae","Luteolibacter","uncultured_bacterium",NA,"Decrease"
"b6b5b457c3a6c6c05d8ed587ba2f666b",13.9817389761662,-7.24631081599967,1.89197732858665,0.000480498364639714,"Proteobacteria","Alphaproteobacteria","Sphingomonadales","Sphingomonadaceae","Novosphingobium","",NA,"Decrease"
"04e1000d370d0e9de8c0341e672e47a6",5.92814699617302,-6.00828055311593,1.5796149899322,0.00052647734159745,"Bacteroidota","Bacteroidia","Chitinophagales","uncultured","uncultured","uncultured_Cytophagales",NA,"Decrease"
"0ed80f7cced4630923403ec8d35ded10",12.5931156927629,-7.09502672757284,1.88871384105727,0.000617120981311554,"Proteobacteria","Gammaproteobacteria","Methylococcales","Methylomonadaceae","Crenothrix","uncultured_bacterium",NA,"Decrease"
"2d9a9d6012e671d8135cb2df734d9edd",8.04100343436906,-6.4482187221358,1.72701932807054,0.000665883462799206,"Gemmatimonadota","Gemmatimonadetes","Gemmatimonadales","Gemmatimonadaceae","Gemmatimonas","uncultured_bacterium",NA,"Decrease"
"3f456a18968cea5c5e549e281f0f5808",5.10437396542851,-5.79284892682725,1.57244109337673,0.000787254963694632,"Actinobacteriota","Actinobacteria","Frankiales","Sporichthyaceae","hgcI_clade","uncultured_Candidatus",NA,"Decrease"
"e79773cfce3b139a15d7c4df8e1f4d77",5.80569169559258,-5.97793407180689,1.6369962768814,0.000880357109648472,"Verrucomicrobiota","Verrucomicrobiae","Verrucomicrobiales","Verrucomicrobiaceae","uncultured","metagenome",NA,"Decrease"
"2ec78830c7c380323eac8cac44a259ee",7.67762415542566,-6.38205099623784,1.77670820333741,0.0010707535210235,"Proteobacteria","Alphaproteobacteria","Azospirillales","Azospirillaceae","Niveispirillum","uncultured_bacterium","ns","Decrease"
"f960a197844583bb25c6dbe6a57cdd68",9.74554940497521,-6.72530349298977,1.87312587293679,0.0010707535210235,"Verrucomicrobiota","Verrucomicrobiae","Verrucomicrobiales","Rubritaleaceae","Luteolibacter","",NA,"Decrease"
"b4289ab0a9a00034c1fbce477b2c4ded",10.3260213745013,-6.80876234145453,1.89459118642058,0.0010707535210235,"Proteobacteria","Gammaproteobacteria","Pseudomonadales","Pseudomonadaceae","Pseudomonas","",NA,"Decrease"
"66accec8134e24e6636a480b11d318c7",15.1972898308634,-7.36596494560412,2.06118900391742,0.00112653270567691,"Actinobacteriota","Actinobacteria","Corynebacteriales","Mycobacteriaceae","Mycobacterium","",NA,"Decrease"
"f9e864a4b56320d9a9d165537511a13a",6.57103479902529,-6.15627774808649,1.73333596716463,0.00120871807699996,"Proteobacteria","Gammaproteobacteria","Methylococcales","Methylomonadaceae","Methylobacter","",NA,"Decrease"
"b9ea7eb3b2303644436e94e87da35ca1",6.39339146238228,-6.1174655239752,1.74493407254771,0.00141868989815754,"Myxococcota","Myxococcia","Myxococcales","Myxococcaceae","P3OB-42","uncultured_delta",NA,"Decrease"
"2c4d9915fd969700a4e0a719672be94b",8.31322334893855,-6.49596484318697,1.86171796059045,0.0014904970417021,"Proteobacteria","Gammaproteobacteria","Burkholderiales","Methylophilaceae","Methylotenera","uncultured_bacterium",NA,"Decrease"
"94b1c1dbbf734ec3aedb7e058dfc7215",9.26757873997827,-6.65277069073319,1.91676874461997,0.00157628415730077,"Proteobacteria","Gammaproteobacteria","Gammaproteobacteria_Incertae_Sedis","Unknown_Family","Unknown_Family","uncultured_bacterium",NA,"Decrease"
"e268ce5265b37c8da22c5bb5051dc0f3",7.64770508998478,-6.37599528720501,1.87497217493648,0.00201728221830359,"Myxococcota","Polyangia","Polyangiales","Polyangiaceae","Polyangium","metagenome",NA,"Decrease"
"76b0b886eeedda9a58e123362f15c2f8",4.97686956295593,-5.75604261299656,1.70928966816485,0.00222004309777744,"Bacteroidota","Bacteroidia","Chitinophagales","Saprospiraceae","Phaeodactylibacter","uncultured_bacterium",NA,"Decrease"
"f69dde5cc9f1b740db660161969211e8",9.81458860845154,-6.73555227946969,2.01304197627696,0.0023428301113617,"Proteobacteria","Alphaproteobacteria","Rhodobacterales","Rhodobacteraceae","","",NA,"Decrease"
"1b41f15408c9065eddd877a379aedba6",7.17023572635606,-5.55775212380022,1.67346231325239,0.0025315835250875,"Bacteroidota","Bacteroidia","Sphingobacteriales","NS11-12_marine_group","NS11-12_marine_group","",NA,"Decrease"
"de9ecb6e0b12682e550a5a26d10a1c34",6.04692339025064,-6.03757943787187,1.83936969483014,0.00283920179184796,"Verrucomicrobiota","Verrucomicrobiae","Pedosphaerales","Pedosphaeraceae","SH3-11","uncultured_bacterium",NA,"Decrease"
"89d9cbcde3a0b5391b825fa27f84f792",9.17747644797159,-6.63910414893821,2.02633938337929,0.00286741291382205,"Proteobacteria","Gammaproteobacteria","Burkholderiales","Rhodocyclaceae","Dechloromonas","uncultured_bacterium","ns","Decrease"
"e7bb9262d4a46496167a210fc459688d",8.70750324051143,-6.56259348532611,2.01085450789907,0.0029666264004425,"Proteobacteria","Gammaproteobacteria","Burkholderiales","Comamonadaceae","Hydrogenophaga","",NA,"Decrease"
"5ff5005adbaa3ecc627a58387dc5563f",7.95684902313922,-6.43277385932567,2.00487747979286,0.00348001319893574,"Proteobacteria","Alphaproteobacteria","Acetobacterales","Acetobacteraceae","","","ns","Decrease"
"649f2efd13df2dff8125deb6f1a44f58",61.1037560249167,-2.28206574665811,0.715060420515964,0.00365342167385891,"Proteobacteria","Gammaproteobacteria","Oceanospirillales","Halomonadaceae","Halomonas","",NA,"Decrease"
"953d6d0a551de62b58c96dbef8759bbd",7.6140351272163,-6.36954164457975,1.99949305717468,0.00368846852492025,"Actinobacteriota","Actinobacteria","Micrococcales","Microbacteriaceae","Aurantimicrobium","uncultured_bacterium","inhibitory","Decrease"
"fb9358e4192b4e3fb1a6210327ee6ff2",7.13306613583043,-6.27605282850068,1.97810160113535,0.00381459403391734,"Proteobacteria","Alphaproteobacteria","Sphingomonadales","Sphingomonadaceae","","",NA,"Decrease"
"5b0ea816844ee100d8129cde55883d46",7.13882174941632,-6.27677432018259,2.00684638250588,0.00435937953134797,"Cyanobacteria","Cyanobacteriia","Pseudanabaenales","Pseudanabaenaceae","Pseudanabaena_PCC-7429","Pseudanabaena_sp.",NA,"Decrease"
"1f85d33299c89bb7964615900b06554d",15.2592200934964,-7.37197334643805,2.36083346196417,0.00438985040371372,"Proteobacteria","Alphaproteobacteria","Rhodobacterales","Rhodobacteraceae","Rhodobacter","",NA,"Decrease"
"48a7af65c55adc4dd66178efefb01ed9",5.23049039277442,-5.82838525473942,1.87349655217153,0.00447542426675601,"Planctomycetota","Planctomycetes","Pirellulales","Pirellulaceae","Pirellula","uncultured_bacterium",NA,"Decrease"
"db4294bfcb5f00637e7512b043062fdb",9.71124190513132,-6.72036165692829,2.16008285117732,0.00447542426675601,"Actinobacteriota","Actinobacteria","Corynebacteriales","Mycobacteriaceae","Mycobacterium","uncultured_bacterium",NA,"Decrease"
"95a5385dda1116c50077f2dce56f4361",4.88431614879258,-5.73056746484397,1.84676401221905,0.00455166069123773,"Verrucomicrobiota","Verrucomicrobiae","Chthoniobacterales","Terrimicrobiaceae","FukuN18_freshwater_group","uncultured_bacterium",NA,"Decrease"
"004f336d6af788480435ba80dc2c18bb",3.63981801789786,-5.30405484640763,1.71127313624799,0.0045614455518893,"Bacteroidota","Bacteroidia","Chitinophagales","Saprospiraceae","uncultured","",NA,"Decrease"
"8feef3ba03b14622d6d78fa37be76f0f",4.7452647567056,-5.68894301050277,1.84397763670437,0.00471834301624337,"Bacteroidota","Bacteroidia","Sphingobacteriales","env.OPS_17","env.OPS_17","metagenome",NA,"Decrease"
"f5dceaa232a9d10abfab64ad8fc14b0a",6.25526557341921,-6.08620609761394,1.97368663670025,0.00471834301624337,"Proteobacteria","Alphaproteobacteria","Rhodobacterales","Rhodobacteraceae","","",NA,"Decrease"
"6c97e8ef8111a95d1a19517807aeef52",4.46049145396187,-5.59947561286034,1.8186675789637,0.0047491217382262,"Bacteroidota","Bacteroidia","Chitinophagales","Chitinophagaceae","Parasediminibacterium","uncultured_bacterium",NA,"Decrease"
"3240a00960cd3e954d947a7e6ae8fc2b",9.32813605426398,-6.66103534066317,2.17456637163071,0.00490375735443702,"Proteobacteria","Gammaproteobacteria","Methylococcales","Methylomonadaceae","Crenothrix","uncultured_bacterium",NA,"Decrease"
"e8abc5fdf63f7f2d6894b9ab55dd9894",8.88540229769375,-6.59200227990279,2.15361216086885,0.00490375735443702,"Proteobacteria","Gammaproteobacteria","Methylococcales","Methylomonadaceae","Crenothrix","uncultured_bacterium",NA,"Decrease"
"a120ace2823a953a1a8cc10dd9d805e8",4.43619926393144,-5.59027120855214,1.82516914797492,0.00490375735443702,"Proteobacteria","Gammaproteobacteria","Xanthomonadales","Xanthomonadaceae","Arenimonas","uncultured_soil",NA,"Decrease"
"14fc1e2a267ee092a01bcc1c01f7e14f",13.6126385125333,-7.20732096578347,2.35973690191609,0.0049672039631635,"Proteobacteria","Gammaproteobacteria","Burkholderiales","Rhodocyclaceae","Dechloromonas","uncultured_bacterium",NA,"Decrease"
"9ac3bb1d7dedb08a012692a6f536b5af",7.29445679631157,-5.23487904041099,1.72033251030174,0.00511143969472692,"Proteobacteria","Alphaproteobacteria","Sphingomonadales","Sphingomonadaceae","Sphingomonas","Sphingomonas_faeni",NA,"Decrease"
"d101599ee1ddf18f6cfde88752489fcd",8.80751438107337,-6.57943143624095,2.17968119515899,0.00549199747290957,"Proteobacteria","Gammaproteobacteria","Burkholderiales","TRA3-20","TRA3-20","",NA,"Decrease"
"47116dc234b0e98fbe1544617899eff5",7.78198256528032,-6.40024632194788,2.15500937796707,0.00627071414671356,"Proteobacteria","Gammaproteobacteria","Burkholderiales","Methylophilaceae","Methylotenera","uncultured_bacterium",NA,"Decrease"
"bd217e3552c0912e166951d39a120601",7.55194598676054,-6.35789000528783,2.14815675834321,0.00642664056594722,"Proteobacteria","Alphaproteobacteria","Rhizobiales","Devosiaceae","","","inhibitory","Decrease"
"4d35a8efeceec13562626986ad4e24e8",3.73971456858616,-5.3456768827952,1.80948376493312,0.00648464834449989,"Bacteroidota","Bacteroidia","Chitinophagales","Saprospiraceae","uncultured","uncultured_bacterium",NA,"Decrease"
"539f5c14927121941cc514524cd22f13",7.6696024347261,-6.37963712317243,2.16304965641971,0.00653171087153708,"Bacteroidota","Bacteroidia","Sphingobacteriales","Lentimicrobiaceae","Lentimicrobiaceae","uncultured_Sphingobacteriales",NA,"Decrease"
"1bf28b748e78c1e80fc6df716c119bf6",10.8952331469739,-6.88555820545855,2.35582650589562,0.00699677885102371,"Desulfobacterota","Desulfuromonadia","Geobacterales","Geobacteraceae","Geobacter","uncultured_bacterium",NA,"Decrease"
"6f6bb9e2b23f369bab1ed630ed396161",7.01501436673091,-6.25087519190059,2.14788866093194,0.00722298648314447,"Proteobacteria","Alphaproteobacteria","Sphingomonadales","Sphingomonadaceae","Rhizorhapis","uncultured_bacterium","ns","Decrease"
"3f0f3ba33994ecab1ee1ef3b757cb4bc",4.92803167638932,-5.74228701652859,1.98659038859525,0.00762843518950994,"Proteobacteria","Alphaproteobacteria","Sphingomonadales","Sphingomonadaceae","Polymorphobacter","uncultured_bacterium",NA,"Decrease"
"cc60312357314937af544b9333c06feb",6.89078542075049,-6.22373594563355,2.15812562013854,0.00772782608926668,"Actinobacteriota","Actinobacteria","Pseudonocardiales","Pseudonocardiaceae","Pseudonocardia","","ns","Decrease"
"12a3ce18fe1e21f71614db31daa6b0cd",4.60719744626851,-5.64589579392681,1.96786288381638,0.00803331731377192,"Bacteroidota","Bacteroidia","Cytophagales","Spirosomaceae","Runella","uncultured_bacterium",NA,"Decrease"
"3dc183a794c6b5579f0abb3b3bbfe7b5",6.31612581442894,-6.10059094866801,2.13170913586452,0.00815228991896235,"Proteobacteria","Alphaproteobacteria","Acetobacterales","Acetobacteraceae","Roseococcus","uncultured_bacterium","ns","Decrease"
"41ed57b340770fd925d1a9676354e936",9.8413350422993,-6.73937442677493,2.36636327181643,0.008380299112576,"Proteobacteria","Alphaproteobacteria","uncultured","uncultured","uncultured","Lacibacterium_aquatile",NA,"Decrease"
"1d562621cb6afea81f5efa4b06c1ae73",5.85413003560309,-5.98990828530476,2.14897713424197,0.00995738784454705,"Bacteroidota","Bacteroidia","Chitinophagales","Chitinophagaceae","Ferruginibacter","metagenome",NA,"Decrease"
"5941ea92d0518fc7f36d1994a75ca252",8.19876982947247,-6.47574816305323,2.32518954907409,0.00995738784454705,"Proteobacteria","Gammaproteobacteria","Burkholderiales","Methylophilaceae","MM1","uncultured_bacterium",NA,"Decrease"
"8f1f0c16b5ae8d0f4a9f295ceefeb311",5.65487504265749,-5.93899985765275,2.14802059384531,0.0105129802606466,"Bacteroidota","Bacteroidia","Bacteroidales","Prolixibacteraceae","uncultured","uncultured_prokaryote",NA,"Decrease"
"f81f54ad9b7682fb4cd781a072df07ac",3.65653738065574,-5.31249358430878,1.96329959231495,0.012479895229344,"Patescibacteria","Parcubacteria","Candidatus_Kaiserbacteria","Candidatus_Kaiserbacteria","Candidatus_Kaiserbacteria","uncultured_bacterium",NA,"Decrease"
"f8c551563838394ff8a2328f12ff75a7",4.64628382630586,-5.65558964591021,2.12384580781871,0.0137682444079458,"Bacteroidota","Bacteroidia","Flavobacteriales","Crocinitomicaceae","Fluviicola","",NA,"Decrease"
"1b89949a3c3ac8ca4371667ee203afcf",4.6715647551292,-5.66323745299695,2.12862037064097,0.0137682444079458,"Proteobacteria","Gammaproteobacteria","Steroidobacterales","Steroidobacteraceae","uncultured","",NA,"Decrease"
"414b5bdf71617bb28c726528ca1596e6",4.68360075046737,-5.66703787172574,2.13548701135922,0.0139452211019083,"Proteobacteria","Gammaproteobacteria","Burkholderiales","","","",NA,"Decrease"
"e2ae1969d1621d676236bc3fa5c8eee8",4.20538381435384,-5.51458815413739,2.10065904618135,0.0150618413998431,"Myxococcota","Myxococcia","Myxococcales","Anaeromyxobacteraceae","Anaeromyxobacter","uncultured_Anaeromyxobacter",NA,"Decrease"
"649f026cd615015b1c0f8e760d309122",6.00394436329789,-6.02650368812868,2.31711342859823,0.0160555711452253,"Proteobacteria","Gammaproteobacteria","Xanthomonadales","Xanthomonadaceae","Luteimonas","uncultured_gamma","ns","Decrease"
"f82d882a81dfaa511f8f229c1e5b7617",5.66407502627901,-5.94233923401132,2.29551251384684,0.0165163828178656,"Actinobacteriota","Actinobacteria","Micrococcales","Microbacteriaceae","","",NA,"Decrease"
"edb114398ced5bf958f4f404493a6642",4.14216225489915,-5.49187629894823,2.1257565258283,0.0166477547622755,"Bacteroidota","Bacteroidia","Chitinophagales","Saprospiraceae","Haliscomenobacter","uncultured_Haliscomenobacter",NA,"Decrease"
"b155c06157435eef22c27f77f0b050ca",3.95753181601472,-5.4252815330631,2.10227940188595,0.0166664550259708,"Bacteroidota","Bacteroidia","Sphingobacteriales","Sphingobacteriaceae","","","inhibitory","Decrease"
"ca6c2b3b469c08212142e8821c65882a",4.02197410862097,-5.44939061936766,2.117357404589,0.0168880505946842,"Proteobacteria","Gammaproteobacteria","Burkholderiales","Oxalobacteraceae","Massilia","uncultured_Massilia","ns","Decrease"
"616835c0c4d23c64cefc817206ef1a2b",20.8089019072499,-4.18256928551734,1.62685089990397,0.0169028191241523,"Actinobacteriota","Actinobacteria","Micrococcales","Microbacteriaceae","","","inhibitory","Decrease"
"8735f92a7f18db944bc862777fbd3222",305.75130873735,-3.09654772817781,1.21077885120458,0.0174508735198208,"Proteobacteria","Gammaproteobacteria","Burkholderiales","Comamonadaceae","","",NA,"Decrease"
"a738568b261166a672bdd2c51055fff7",5.36697627182402,-5.86510445060516,2.30096435352307,0.0177599224479206,"Proteobacteria","Gammaproteobacteria","Burkholderiales","Comamonadaceae","Rhodoferax","",NA,"Decrease"
"f9431bfa2ecf5582f3368530f500f360",5.15536465962988,-5.80748226027479,2.28809527406123,0.0181953823121555,"Verrucomicrobiota","Verrucomicrobiae","Opitutales","Opitutaceae","Opitutus","",NA,"Decrease"
"1b3ee3a204eddfce4ad82fc6807228bb",3.65136360496565,-5.30758000673652,2.10861427843375,0.0190594324635555,"Bacteroidota","Bacteroidia","Chitinophagales","Saprospiraceae","uncultured","uncultured_bacterium",NA,"Decrease"
"ad9e0017fee8f1eaaf3c142b2c9fa459",4.94434587714164,-5.74706087195327,2.28704538399077,0.0191602407632399,"Proteobacteria","Alphaproteobacteria","Caulobacterales","Hyphomonadaceae","Hirschia","",NA,"Decrease"
"5b282619827d0edc7115134e4dc8dbf5",4.84319941509013,-5.71724307526233,2.28178068058137,0.0194291594581987,"Proteobacteria","Gammaproteobacteria","Burkholderiales","Alcaligenaceae","GKS98_freshwater_group","",NA,"Decrease"
"f4e02c02661427f81eddf2980e87d458",3.6218869259315,-5.295272695769,2.12575132175721,0.0199701244061741,"Actinobacteriota","Thermoleophilia","Gaiellales","Gaiellaceae","Gaiella","",NA,"Decrease"
"3accf19dc4cfadc96257705f766f44dc",4.7463610936242,-5.68774446340483,2.30371102649236,0.0209822901628794,"Proteobacteria","Gammaproteobacteria","Oceanospirillales","Pseudohongiellaceae","BIyi10","metagenome",NA,"Decrease"
"00d4306620fb956f4cb8ea6616da13a3",38.3229644428123,-2.55950949900346,1.04215520191609,0.0216156984233937,"Proteobacteria","Alphaproteobacteria","Rhizobiales","Rhizobiales_Incertae_Sedis","uncultured","",NA,"Decrease"
"79029fa983ec4eda60117a273a52cfc0",13.1215652883721,-4.23348603822514,1.73682397839358,0.0226085228103937,"Proteobacteria","Alphaproteobacteria","Caulobacterales","Caulobacteraceae","Caulobacter","","ns","Decrease"
"3a357e0927ab148fb5b694d20cb7498a",6.30284385286765,-6.09646518566347,2.51066821955337,0.0230475384567992,"Proteobacteria","Alphaproteobacteria","Defluviicoccales","Defluviicoccaceae","Defluviicoccus","uncultured_Defluviicoccus",NA,"Decrease"
"1f334210dfebd2da79172b6e128d234f",5.9682812586172,-6.01811421639031,2.48778183102701,0.0233404760401513,"Proteobacteria","Alphaproteobacteria","Rhizobiales","Beijerinckiaceae","","",NA,"Decrease"
"d75f55d79ddfd5fbd4f8fb2edec3674c",4.00084604520517,-5.44159468269752,2.26766988176486,0.0244638068531173,"Proteobacteria","Gammaproteobacteria","Burkholderiales","Comamonadaceae","","",NA,"Decrease"
"7ff346973a282aa55de296afdb5d74af",10.2009754404577,-5.1958373227745,2.16986119090606,0.0245719986211749,"Actinobacteriota","Actinobacteria","Micrococcales","Micrococcaceae","Pseudarthrobacter","uncultured_bacterium","ns","Decrease"
"537b8b3f2f6c7405af0cd0e94ad9b640",5.65458551645144,-5.9397615398149,2.48162172470802,0.0245719986211749,"Proteobacteria","Gammaproteobacteria","Burkholderiales","Comamonadaceae","uncultured","uncultured_bacterium",NA,"Decrease"
"fd168b90a99583d6b8c99a13516d2da2",8.29715628595063,-6.49225884962006,2.71602593458883,0.0246325138137529,"Proteobacteria","Alphaproteobacteria","Defluviicoccales","Defluviicoccaceae","Defluviicoccus","uncultured_bacterium",NA,"Decrease"
"ff30fea6728af2764c44e65063754d1f",3.89736534497351,-5.40469298621873,2.27558052316821,0.0255199952076918,"Proteobacteria","Gammaproteobacteria","Burkholderiales","T34","T34","uncultured_beta",NA,"Decrease"
"5bccbebfa648aacb95a9407ca0a902f7",7.07214490915497,-6.26327578538107,2.68214432427409,0.0279061314391455,"Proteobacteria","Gammaproteobacteria","Burkholderiales","Comamonadaceae","","",NA,"Decrease"
"3d216411c1e7532979a3c7cfd4accca6",54.4093143236586,-2.81441500326556,1.21266239662428,0.0286512110971836,"Proteobacteria","Alphaproteobacteria","Sphingomonadales","Sphingomonadaceae","Novosphingobium","",NA,"Decrease"
"7e171bbf8497f6f700510d47d0bce5f0",4.72722744065237,-5.68138775222145,2.47734387137209,0.0306365359948302,"Bacteroidota","Bacteroidia","Sphingobacteriales","Lentimicrobiaceae","Lentimicrobiaceae","wastewater_metagenome",NA,"Decrease"
"6fd05e11fe57bb5ba9fd3b0fdd8b80f1",4.58163829931524,-5.63665065206182,2.46758809305466,0.0311935168040857,"Proteobacteria","Gammaproteobacteria","Burkholderiales","Oxalobacteraceae","Duganella","Duganella_sp.",NA,"Decrease"
"9faea296c5cc92e6cae991291e63d2c4",4.50651993917654,-5.61238162898149,2.46535938708481,0.0316526972021975,"Proteobacteria","Gammaproteobacteria","Methylococcales","Methylomonadaceae","","",NA,"Decrease"
"3bb0bf5132b0f988573de9bd6059b22c",6.13706193666716,-6.05837832424581,2.67718616170452,0.0326039349866454,"Proteobacteria","Gammaproteobacteria","Burkholderiales","Comamonadaceae","","","inhibitory","Decrease"
"65057f7432d10c06a93825a2c04dccde",6.17482257849572,-5.2997775017096,2.36011205358729,0.0339182931847943,"Firmicutes","Clostridia","Peptostreptococcales-Tissierellales","Peptostreptococcaceae","Romboutsia","",NA,"Decrease"
"caed98ea392cfb245d1fd0fd39ee8227",4.17598020453335,-5.50284468452704,2.45422091837452,0.0340209520065694,"Proteobacteria","Gammaproteobacteria","Methylococcales","Methylomonadaceae","Crenothrix","uncultured_bacterium",NA,"Decrease"
"3c510c7d4d6318381991eb7816df68fb",4.21878424299313,-5.51687549307811,2.46970766884156,0.0344259969938582,"Actinobacteriota","Coriobacteriia","OPB41","OPB41","OPB41","",NA,"Decrease"
"30dcb608bac1295cb84e5589f439e0c1",5.76202036511613,-5.96761350811966,2.67900718288278,0.0347406849538388,"Proteobacteria","Alphaproteobacteria","Sphingomonadales","Sphingomonadaceae","Novosphingobium","",NA,"Decrease"
"6ea12a2a6eb7f0d377858aaeca4664e4",79.3764891415832,-3.1481881049463,1.4174201790704,0.03512837898853,"Proteobacteria","Gammaproteobacteria","Burkholderiales","Comamonadaceae","","",NA,"Decrease"
"12c4cf4a9b6a4541ef111f02191bae96",32.2893416978807,-2.84167470959764,1.28635044997561,0.0360235995686929,"Proteobacteria","Gammaproteobacteria","Oceanospirillales","Halomonadaceae","Halomonas","",NA,"Decrease"
"2461a8cf82261ae32270bfb8a9e60b2e",5.79778222744295,-4.34610611302584,1.97751222991171,0.036878103001135,"Proteobacteria","Alphaproteobacteria","uncultured","uncultured","uncultured","Lacibacterium_aquatile","ns","Decrease"
"4e86ed08a384ded04c6792dc56b4c85d",5.4316696795223,-5.88189871587907,2.68347669452789,0.0372289847455214,"Proteobacteria","Alphaproteobacteria","Sphingomonadales","Sphingomonadaceae","Novosphingobium","",NA,"Decrease"
"1fd1f3fbc0437b678ede5a76465a1326",3.78089689817906,-5.36022096637932,2.45841500643437,0.0381274580395499,"Proteobacteria","Alphaproteobacteria","Rhizobiales","Beijerinckiaceae","alphaI_cluster","metagenome",NA,"Decrease"
"ce98eb7198308de47b4c3b62f9179d3d",3.6680497224945,-5.3174566624224,2.4445338197628,0.0384153897681506,"Cyanobacteria","Cyanobacteriia","","","","",NA,"Decrease"
"00ada58a85ae829d278258959a5ed9c1",3.60088375001895,-5.28968362529339,2.44244735919996,0.0391377538527048,"Proteobacteria","Alphaproteobacteria","Rhodobacterales","Rhodobacteraceae","Paracoccus","",NA,"Decrease"
"26eb87d399f3a2b0e4384bd88777a6b5",3.59117107902888,-5.28410812788431,2.44752411671776,0.0395977206431787,"Actinobacteriota","Actinobacteria","Micrococcales","Intrasporangiaceae","","",NA,"Decrease"
"27477e4adad6d8a9fa50ebba7fe91b73",3.53840394074839,-5.26259084785984,2.45265194479684,0.0407221512217507,"Actinobacteriota","Actinobacteria","Frankiales","Sporichthyaceae","hgcI_clade","uncultured_bacterium",NA,"Decrease"
"152f5860461337f5975a4fc7034be584",4.64671619010906,-5.65704066286395,2.66846546560092,0.0429592412310249,"Proteobacteria","Gammaproteobacteria","Thiotrichales","Thiotrichaceae","Thiothrix","uncultured_bacterium",NA,"Decrease"
"edfd9fe7b9fc7af35fba481211003097",4.48496301650898,-5.6060688225917,2.66643015012272,0.0446234138635688,"Proteobacteria","Alphaproteobacteria","Acetobacterales","Acetobacteraceae","uncultured","metagenome","ns","Decrease"
"5648dccee530d68ceb3e4d7d22cf8756",6.81510133100186,-5.30946225722965,2.5647611503025,0.0477979252488966,"Proteobacteria","Gammaproteobacteria","Pseudomonadales","Pseudomonadaceae","Pseudomonas","Pseudomonas_marginalis",NA,"Decrease"
"56bc9f369fcdaac3138a359ab8bc49fe",4.01552726007193,-5.44706269141939,2.64315271146442,0.0483940796041922,"Verrucomicrobiota","Verrucomicrobiae","uncultured","uncultured","uncultured","uncultured_Opitutae",NA,"Decrease"
