;Individual;Date;Sex;Species;Status;Phase;Month_captivity;Mass_g;SVL_cm;Total_lengh_cm;BMI_MassBySVL;is.neg;Period;Aquarium_ID
MD301B;F15;28/05/2018;F;Pal;Wild;Aquatic1;0;1.55;3.6;7;0.43;FALSE;Wild;A15
MD302B;F19;28/05/2018;F;Pal;Wild;Aquatic1;0;2.04;4.1;7.6;0.5;FALSE;Wild;A19
MD303B;F17;28/05/2018;F;Pal;Wild;Aquatic1;0;1.83;4.1;7.5;0.45;FALSE;Wild;A17
MD304B;M16;28/05/2018;M;Pal;Wild;Aquatic1;0;1.37;3.7;6.3;0.37;FALSE;Wild;A16
MD305B;F7;28/05/2018;F;Alp;Wild;Aquatic1;0;2.89;4.7;8.5;0.61;FALSE;Wild;A7
MD307B;F12;28/05/2018;F;Pal;Wild;Aquatic1;0;1.82;4.1;7.6;0.44;FALSE;Wild;A12
MD308B;F11;28/05/2018;F;Pal;Wild;Aquatic1;0;2.28;4.3;8;0.53;FALSE;Wild;A11
MD309B;F18;28/05/2018;F;Pal;Wild;Aquatic1;0;2.04;4.4;8;0.46;FALSE;Wild;A18
MD310B;M18;28/05/2018;M;Pal;Wild;Aquatic1;0;1.63;3.8;7;0.43;FALSE;Wild;A18
MD311B;M12;28/05/2018;M;Pal;Wild;Aquatic1;0;1.47;3.6;6.7;0.41;FALSE;Wild;A12
MD312B;F13;28/05/2018;F;Pal;Wild;Aquatic1;0;1.63;3.7;6.8;0.44;FALSE;Wild;A13
MD313B;M15;28/05/2018;M;Pal;Wild;Aquatic1;0;1.38;3.6;6.2;0.38;FALSE;Wild;A15
MD314B;F20;28/05/2018;F;Pal;Wild;Aquatic1;0;1.8;4.1;7.6;0.44;FALSE;Wild;A20
MD315B;M4;28/05/2018;M;Alp;Wild;Aquatic1;0;2.97;5.1;8.2;0.58;FALSE;Wild;A4
MD316B;F16;28/05/2018;F;Pal;Wild;Aquatic1;0;2.26;4.6;8.6;0.49;FALSE;Wild;A16
MD318B;M14;28/05/2018;M;Pal;Wild;Aquatic1;0;1.56;3.9;6.7;0.4;FALSE;Wild;A14
MD319B;F14;28/05/2018;F;Pal;Wild;Aquatic1;0;1.7;4.1;7.7;0.41;FALSE;Wild;A14
MD320B;M19;28/05/2018;M;Pal;Wild;Aquatic1;0;1.57;3.7;6.8;0.42;FALSE;Wild;A19
MD321B;M20;28/05/2018;M;Pal;Wild;Aquatic1;0;1.43;3.6;6.4;0.4;FALSE;Wild;A20
MD322B;M17;28/05/2018;M;Pal;Wild;Aquatic1;0;1.14;3.3;6.1;0.35;FALSE;Wild;A17
MD323B;F9;28/05/2018;F;Alp;Wild;Aquatic1;0;2.41;4.8;8.4;0.5;FALSE;Wild;A9
MD324B;F8;28/05/2018;F;Alp;Wild;Aquatic1;0;2.73;4.9;8.4;0.56;FALSE;Wild;A8
MD326B;F3;28/05/2018;F;Alp;Wild;Aquatic1;0;2.52;4.6;7.8;0.55;FALSE;Wild;A3
MD327B;M1;28/05/2018;M;Alp;Wild;Aquatic1;0;2.35;4.5;8.3;0.52;FALSE;Wild;A1
MD328B;M5;28/05/2018;M;Alp;Wild;Aquatic1;0;1.99;4.2;6.6;0.47;FALSE;Wild;A5
MD329B;M9;28/05/2018;M;Alp;Wild;Aquatic1;0;2.16;4.4;7.9;0.49;FALSE;Wild;A9
MD330B;M8;28/05/2018;M;Alp;Wild;Aquatic1;0;1.72;4;7.1;0.43;FALSE;Wild;A8
MD331B;M13;28/05/2018;M;Pal;Wild;Aquatic1;0;1.54;3.8;6.7;0.41;FALSE;Wild;A13
MD332B;F2;28/05/2018;F;Alp;Wild;Aquatic1;0;2.19;4.7;8.3;0.47;FALSE;Wild;A2
MD333B;F4;28/05/2018;F;Alp;Wild;Aquatic1;0;2.62;4.8;8.4;0.55;FALSE;Wild;A4
MD334B;M2;28/05/2018;M;Alp;Wild;Aquatic1;0;2.12;4.3;7.2;0.49;FALSE;Wild;A2
MD335B;M6;28/05/2018;M;Alp;Wild;Aquatic1;0;1.95;4.1;6.8;0.48;FALSE;Wild;A6
MD336B;M3;28/05/2018;M;Alp;Wild;Aquatic1;0;1.65;3.8;6.7;0.43;FALSE;Wild;A3
MD337B;F10;28/05/2018;F;Alp;Wild;Aquatic1;0;2.67;4.9;8.5;0.54;FALSE;Wild;A10
MD338B;F5;28/05/2018;F;Alp;Wild;Aquatic1;0;2.71;4.8;7.8;0.56;FALSE;Wild;A5
MD339B;M10;28/05/2018;M;Alp;Wild;Aquatic1;0;1.9;4.2;7.4;0.45;FALSE;Wild;A10
MD340B;F6;28/05/2018;F;Alp;Wild;Aquatic1;0;2.36;4.6;7.8;0.51;FALSE;Wild;A6
MD341B;M11;28/05/2018;M;Pal;Wild;Aquatic1;0;1.37;3.6;6.1;0.38;FALSE;Wild;A11
MD388;M1;29/06/2018;M;Alp;Captive;Aquatic1;1;2;4.4;7.8;0.45;FALSE;Aquatic1;A1
MD389;F1;29/06/2018;F;Alp;Captive;Aquatic1;1;2.75;4.6;8.1;0.6;FALSE;Aquatic1;A1
MD390;M2;29/06/2018;M;Alp;Captive;Aquatic1;1;2.08;4;7.3;0.52;FALSE;Aquatic1;A2
MD391;F2;29/06/2018;F;Alp;Captive;Aquatic1;1;2.29;4.6;7.9;0.5;FALSE;Aquatic1;A2
MD392;M3;29/06/2018;M;Alp;Captive;Aquatic1;1;1.68;4.1;7.1;0.41;FALSE;Aquatic1;A3
MD393;F3;29/06/2018;F;Alp;Captive;Aquatic1;1;2.47;4.4;8;0.56;FALSE;Aquatic1;A3
MD394;M4;29/06/2018;M;Alp;Captive;Aquatic1;1;2.62;4.9;8.1;0.53;FALSE;Aquatic1;A4
MD395;F4;29/06/2018;F;Alp;Captive;Aquatic1;1;2.57;4.6;8.1;0.56;FALSE;Aquatic1;A4
MD396;M5;29/06/2018;M;Alp;Captive;Aquatic1;1;2.09;4.4;7.2;0.48;FALSE;Aquatic1;A5
MD397;F5;29/06/2018;F;Alp;Captive;Aquatic1;1;2.52;4.9;8;0.51;FALSE;Aquatic1;A5
MD398;M6;29/06/2018;M;Alp;Captive;Aquatic1;1;2.18;4.3;7.2;0.51;FALSE;Aquatic1;A6
MD399;F6;29/06/2018;F;Alp;Captive;Aquatic1;1;2.24;4.6;8.1;0.49;FALSE;Aquatic1;A6
MD400;M7;29/06/2018;M;Alp;Captive;Aquatic1;1;2.04;4.4;6.6;0.46;FALSE;Aquatic1;A7
MD401;F7;29/06/2018;F;Alp;Captive;Aquatic1;1;2.66;4.7;8.5;0.57;FALSE;Aquatic1;A7
MD402;M8;29/06/2018;M;Alp;Captive;Aquatic1;1;2.04;4.2;7.1;0.49;FALSE;Aquatic1;A8
MD403;F8;29/06/2018;F;Alp;Captive;Aquatic1;1;2.68;5;8.5;0.54;FALSE;Aquatic1;A8
MD404;M9;29/06/2018;M;Alp;Captive;Aquatic1;1;#N/A;#N/A;#N/A;#N/A;FALSE;Aquatic1;A9
MD405;F9;29/06/2018;F;Alp;Captive;Aquatic1;1;2.54;4.4;8.1;0.58;FALSE;Aquatic1;A9
MD406;M10;29/06/2018;M;Alp;Captive;Aquatic1;1;1.92;4;7.3;0.48;FALSE;Aquatic1;A10
MD407;F10;29/06/2018;F;Alp;Captive;Aquatic1;1;2.77;4.8;8.5;0.58;FALSE;Aquatic1;A10
MD408;M11;29/06/2018;M;Pal;Captive;Aquatic1;1;1.32;3.6;6.5;0.37;FALSE;Aquatic1;A11
MD409;F11;29/06/2018;F;Pal;Captive;Aquatic1;1;2.35;4.3;8;0.55;FALSE;Aquatic1;A11
MD410;M12;29/06/2018;M;Pal;Captive;Aquatic1;1;1.62;3.9;6.8;0.42;FALSE;Aquatic1;A12
MD411;F12;29/06/2018;F;Pal;Captive;Aquatic1;1;1.77;4.3;7.9;0.41;FALSE;Aquatic1;A12
MD412;M13;29/06/2018;M;Pal;Captive;Aquatic1;1;1.68;4;7;0.42;FALSE;Aquatic1;A13
MD413;F13;29/06/2018;F;Pal;Captive;Aquatic1;1;1.59;3.6;6.7;0.44;FALSE;Aquatic1;A13
MD414;M14;29/06/2018;M;Pal;Captive;Aquatic1;1;1.6;3.8;6.8;0.42;FALSE;Aquatic1;A14
MD415;F14;29/06/2018;F;Pal;Captive;Aquatic1;1;1.67;4.1;7.3;0.41;FALSE;Aquatic1;A14
MD416;M15;29/06/2018;M;Pal;Captive;Aquatic1;1;1.33;3.7;6.4;0.36;FALSE;Aquatic1;A15
MD417;F15;29/06/2018;F;Pal;Captive;Aquatic1;1;1.62;3.9;7.4;0.42;FALSE;Aquatic1;A15
MD418;M16;29/06/2018;M;Pal;Captive;Aquatic1;1;1.31;3.6;6.7;0.36;FALSE;Aquatic1;A16
MD419;F16;29/06/2018;F;Pal;Captive;Aquatic1;1;2.25;4.7;8.2;0.48;FALSE;Aquatic1;A16
MD420;M17;29/06/2018;M;Pal;Captive;Aquatic1;1;1.01;3.2;6.1;0.32;FALSE;Aquatic1;A17
MD421;F17;29/06/2018;F;Pal;Captive;Aquatic1;1;1.95;4.1;7.5;0.48;FALSE;Aquatic1;A17
MD422;M18;29/06/2018;M;Pal;Captive;Aquatic1;1;1.53;3.4;6.5;0.45;FALSE;Aquatic1;A18
MD423;F18;29/06/2018;F;Pal;Captive;Aquatic1;1;2.21;4.4;8;0.5;FALSE;Aquatic1;A18
MD424;M19;29/06/2018;M;Pal;Captive;Aquatic1;1;1.57;3.9;6.9;0.4;FALSE;Aquatic1;A19
MD425;F19;29/06/2018;F;Pal;Captive;Aquatic1;1;2.17;4.4;8.2;0.49;FALSE;Aquatic1;A19
MD426;M20;29/06/2018;M;Pal;Captive;Aquatic1;1;1.44;3.9;6.6;0.37;FALSE;Aquatic1;A20
MD427;F20;29/06/2018;F;Pal;Captive;Aquatic1;1;1.83;4;7.5;0.46;FALSE;Aquatic1;A20
MD431;M1;31/07/2018;M;Alp;Captive;Aquatic1;2;2.33;4.5;7.8;0.52;FALSE;Aquatic1;A1
MD432;F1;31/07/2018;F;Alp;Captive;Aquatic1;2;3.03;4.6;8;0.66;FALSE;Aquatic1;A1
MD433;M2;31/07/2018;M;Alp;Captive;Aquatic1;2;2.53;4.1;7.4;0.62;FALSE;Aquatic1;A2
MD434;F2;31/07/2018;F;Alp;Captive;Aquatic1;2;2.77;4.6;8.6;0.6;FALSE;Aquatic1;A2
MD435;M3;31/07/2018;M;Alp;Captive;Aquatic1;2;1.92;4;7.5;0.48;FALSE;Aquatic1;A3
MD436;F3;31/07/2018;F;Alp;Captive;Aquatic1;2;2.86;4.8;8.4;0.6;FALSE;Aquatic1;A3
MD437;M4;31/07/2018;M;Alp;Captive;Aquatic1;2;2.86;5.1;8.3;0.56;FALSE;Aquatic1;A4
MD438;F4;31/07/2018;F;Alp;Captive;Aquatic1;2;2.8;4.6;8.5;0.61;FALSE;Aquatic1;A4
MD439;M5;31/07/2018;M;Alp;Captive;Aquatic1;2;2.27;4.6;7.8;0.49;FALSE;Aquatic1;A5
MD440;F5;31/07/2018;F;Alp;Captive;Aquatic1;2;2.65;5.1;8.3;0.52;FALSE;Aquatic1;A5
MD441;M6;31/07/2018;M;Alp;Captive;Aquatic1;2;2.48;4.3;7.3;0.58;FALSE;Aquatic1;A6
MD442;F6;31/07/2018;F;Alp;Captive;Aquatic1;2;2.53;4.8;8.1;0.53;FALSE;Aquatic1;A6
MD443;M7;31/07/2018;M;Alp;Captive;Aquatic1;2;2.13;4.2;7;0.51;FALSE;Aquatic1;A7
MD444;F7;31/07/2018;F;Alp;Captive;Aquatic1;2;2.83;4.6;8.6;0.62;FALSE;Aquatic1;A7
MD445;M8;31/07/2018;M;Alp;Captive;Aquatic1;2;2.11;4.2;7.3;0.5;FALSE;Aquatic1;A8
MD446;F8;31/07/2018;F;Alp;Captive;Aquatic1;2;3;5;8.9;0.6;FALSE;Aquatic1;A8
MD447;M9;31/07/2018;M;Alp;Captive;Aquatic1;2;2.22;4.3;7.7;0.52;FALSE;Aquatic1;A9
MD448;F9;31/07/2018;F;Alp;Captive;Aquatic1;2;2.9;4.5;8.2;0.64;FALSE;Aquatic1;A9
MD449;M10;31/07/2018;M;Alp;Captive;Aquatic1;2;2.08;4.3;7.9;0.48;FALSE;Aquatic1;A10
MD450;F10;31/07/2018;F;Alp;Captive;Aquatic1;2;3.15;4.8;8.3;0.66;FALSE;Aquatic1;A10
MD451;M11;31/07/2018;M;Pal;Captive;Aquatic1;2;1.32;3.5;6.4;0.38;FALSE;Aquatic1;A11
MD452;F11;31/07/2018;F;Pal;Captive;Aquatic1;2;2.51;4.2;8.1;0.6;FALSE;Aquatic1;A11
MD453;M12;31/07/2018;M;Pal;Captive;Aquatic1;2;1.74;3.9;7;0.45;FALSE;Aquatic1;A12
MD454;F12;31/07/2018;F;Pal;Captive;Aquatic1;2;1.97;4.3;8;0.46;FALSE;Aquatic1;A12
MD455;M13;31/07/2018;M;Pal;Captive;Aquatic1;2;1.76;4;6.9;0.44;FALSE;Aquatic1;A13
MD456;F13;31/07/2018;F;Pal;Captive;Aquatic1;2;1.86;4;7.3;0.47;FALSE;Aquatic1;A13
MD457;M14;31/07/2018;M;Pal;Captive;Aquatic1;2;1.65;4.2;7.1;0.39;FALSE;Aquatic1;A14
MD458;F14;31/07/2018;F;Pal;Captive;Aquatic1;2;1.89;4.1;7.3;0.46;FALSE;Aquatic1;A14
MD459;M15;31/07/2018;M;Pal;Captive;Aquatic1;2;1.61;3.6;6.6;0.45;FALSE;Aquatic1;A15
MD460;F15;31/07/2018;F;Pal;Captive;Aquatic1;2;1.95;3.9;7.5;0.5;FALSE;Aquatic1;A15
MD461;M16;31/07/2018;M;Pal;Captive;Aquatic1;2;1.53;3.8;6.8;0.4;FALSE;Aquatic1;A16
MD462;F16;31/07/2018;F;Pal;Captive;Aquatic1;2;2.27;4.5;8.5;0.5;FALSE;Aquatic1;A16
MD463;M17;31/07/2018;M;Pal;Captive;Aquatic1;2;1.13;3.4;6.4;0.33;FALSE;Aquatic1;A17
MD464;F17;31/07/2018;F;Pal;Captive;Aquatic1;2;2.23;4.5;8;0.5;FALSE;Aquatic1;A17
MD465;M18;31/07/2018;M;Pal;Captive;Aquatic1;2;1.66;4;7;0.42;FALSE;Aquatic1;A18
MD466;F18;31/07/2018;F;Pal;Captive;Aquatic1;2;2.34;4.4;8.2;0.53;FALSE;Aquatic1;A18
MD467;M19;31/07/2018;M;Pal;Captive;Aquatic1;2;1.82;4;7.7;0.46;FALSE;Aquatic1;A19
MD468;F19;31/07/2018;F;Pal;Captive;Aquatic1;2;2.42;4.3;8.3;0.56;FALSE;Aquatic1;A19
MD469;M20;31/07/2018;M;Pal;Captive;Aquatic1;2;2.63;3.9;6.8;0.67;FALSE;Aquatic1;A20
MD470;F20;31/07/2018;F;Pal;Captive;Aquatic1;2;2.11;4.2;8.1;0.5;FALSE;Aquatic1;A20
MD481;M1;31/08/2018;M;Alp;Captive;Aquatic1;3;2.69;4.6;8.1;0.58;FALSE;Aquatic1;A1
MD482;F1;31/08/2018;F;Alp;Captive;Aquatic1;3;3.34;4.7;8.6;0.71;FALSE;Aquatic1;A1
MD483;M2;31/08/2018;M;Alp;Captive;Aquatic1;3;2.61;4.4;7.3;0.59;FALSE;Aquatic1;A2
MD484;F2;31/08/2018;F;Alp;Captive;Aquatic1;3;3.31;4.9;8.6;0.68;FALSE;Aquatic1;A2
MD485;M3;31/08/2018;M;Alp;Captive;Aquatic1;3;2.26;4.2;7.2;0.54;FALSE;Aquatic1;A3
MD486;F3;31/08/2018;F;Alp;Captive;Aquatic1;3;3.26;4.7;8.1;0.69;FALSE;Aquatic1;A3
MD487;M4;31/08/2018;M;Alp;Captive;Aquatic1;3;3.26;5;8;0.65;FALSE;Aquatic1;A4
MD488;F4;31/08/2018;F;Alp;Captive;Aquatic1;3;3.15;4.9;9;0.64;FALSE;Aquatic1;A4
MD489;M5;31/08/2018;M;Alp;Captive;Aquatic1;3;2.44;4.6;8;0.53;FALSE;Aquatic1;A5
MD490;F5;31/08/2018;F;Alp;Captive;Aquatic1;3;4.47;4;8.4;1.12;FALSE;Aquatic1;A5
MD491;M6;31/08/2018;M;Alp;Captive;Aquatic1;3;2.88;4.6;7.5;0.63;FALSE;Aquatic1;A6
MD492;F6;31/08/2018;F;Alp;Captive;Aquatic1;3;2.95;4.8;8.2;0.61;FALSE;Aquatic1;A6
MD493;M7;31/08/2018;M;Alp;Captive;Aquatic1;3;2.36;4.4;7.1;0.54;FALSE;Aquatic1;A7
MD494;F7;31/08/2018;F;Alp;Captive;Aquatic1;3;3.4;4.8;8.8;0.71;FALSE;Aquatic1;A7
MD495;M8;31/08/2018;M;Alp;Captive;Aquatic1;3;2.58;4.4;7.4;0.59;FALSE;Aquatic1;A8
MD496;F8;31/08/2018;F;Alp;Captive;Aquatic1;3;3.27;4.8;8.9;0.68;FALSE;Aquatic1;A8
MD497;M9;31/08/2018;M;Alp;Captive;Aquatic1;3;2.49;4.2;7.5;0.59;FALSE;Aquatic1;A9
MD498;F9;31/08/2018;F;Alp;Captive;Aquatic1;3;3.32;5;9;0.66;FALSE;Aquatic1;A9
MD499;M10;31/08/2018;M;Alp;Captive;Aquatic1;3;2.41;4.5;8.2;0.54;FALSE;Aquatic1;A10
MD500;F10;31/08/2018;F;Alp;Captive;Aquatic1;3;3.71;5.1;9.1;0.73;FALSE;Aquatic1;A10
MD501;M11;31/08/2018;M;Pal;Captive;Aquatic1;3;1.38;3.7;6.6;0.37;FALSE;Aquatic1;A11
MD502;F11;31/08/2018;F;Pal;Captive;Aquatic1;3;2.94;4.7;8.5;0.63;FALSE;Aquatic1;A11
MD503;M12;31/08/2018;M;Pal;Captive;Aquatic1;3;2.08;4;7.2;0.52;FALSE;Aquatic1;A12
MD504;F12;31/08/2018;F;Pal;Captive;Aquatic1;3;2.36;4.3;8;0.55;FALSE;Aquatic1;A12
MD505;M13;31/08/2018;M;Pal;Captive;Aquatic1;3;2.07;4.1;7.3;0.5;FALSE;Aquatic1;A13
MD506;F13;31/08/2018;F;Pal;Captive;Aquatic1;3;2.2;4.2;7.4;0.52;FALSE;Aquatic1;A13
MD507;M14;31/08/2018;M;Pal;Captive;Aquatic1;3;2.03;4.3;7.5;0.47;FALSE;Aquatic1;A14
MD508;F14;31/08/2018;F;Pal;Captive;Aquatic1;3;2.31;4.4;8;0.53;FALSE;Aquatic1;A14
MD509;M15;31/08/2018;M;Pal;Captive;Aquatic1;3;2.03;3.9;6.8;0.52;FALSE;Aquatic1;A15
MD510;F15;31/08/2018;F;Pal;Captive;Aquatic1;3;2.07;4.3;8.1;0.48;FALSE;Aquatic1;A15
MD511;M16;31/08/2018;M;Pal;Captive;Aquatic1;3;1.86;4;7;0.47;FALSE;Aquatic1;A16
MD512;F16;31/08/2018;F;Pal;Captive;Aquatic1;3;2.55;4.5;8.5;0.57;FALSE;Aquatic1;A16
MD513;M17;31/08/2018;M;Pal;Captive;Aquatic1;3;1.32;3.7;6.8;0.36;FALSE;Aquatic1;A17
MD514;F17;31/08/2018;F;Pal;Captive;Aquatic1;3;2.77;4.6;8.1;0.6;FALSE;Aquatic1;A17
MD515;M18;31/08/2018;M;Pal;Captive;Aquatic1;3;1.99;4;7.2;0.5;FALSE;Aquatic1;A18
MD516;F18;31/08/2018;F;Pal;Captive;Aquatic1;3;2.61;4;8.2;0.65;FALSE;Aquatic1;A18
MD517;M19;31/08/2018;M;Pal;Captive;Aquatic1;3;1.97;4;7.1;0.49;FALSE;Aquatic1;A19
MD518;F19;31/08/2018;F;Pal;Captive;Aquatic1;3;2.86;4.6;8.6;0.62;FALSE;Aquatic1;A19
MD519;M20;31/08/2018;M;Pal;Captive;Aquatic1;3;1.86;3.9;6.9;0.48;FALSE;Aquatic1;A20
MD520;F20;31/08/2018;F;Pal;Captive;Aquatic1;3;2.64;4.4;8.3;0.6;FALSE;Aquatic1;A20
MD531;M1;01/10/2018;M;Alp;Captive;Aquatic1;4;2.79;4.6;7.9;0.61;FALSE;Aquatic1;A1
MD532;F1;01/10/2018;F;Alp;Captive;Aquatic1;4;3.57;5.1;8.8;0.7;FALSE;Aquatic1;A1
MD533;M2;01/10/2018;M;Alp;Captive;Aquatic1;4;2.7;4.7;7.5;0.57;FALSE;Aquatic1;A2
MD534;F2;01/10/2018;F;Alp;Captive;Aquatic1;4;3.4;4.9;8.7;0.69;FALSE;Aquatic1;A2
MD535;M3;01/10/2018;M;Alp;Captive;Aquatic1;4;2.37;4.5;7.7;0.53;FALSE;Aquatic1;A3
MD536;F3;01/10/2018;F;Alp;Captive;Aquatic1;4;3.34;4.9;8.6;0.68;FALSE;Aquatic1;A3
MD537;M4;01/10/2018;M;Alp;Captive;Aquatic1;4;3.3;5.4;8.5;0.61;FALSE;Aquatic1;A4
MD538;F4;01/10/2018;F;Alp;Captive;Aquatic1;4;3.51;5.2;9.4;0.68;FALSE;Aquatic1;A4
MD539;M5;01/10/2018;M;Alp;Captive;Aquatic1;4;2.46;4.6;8.1;0.53;FALSE;Aquatic1;A5
MD540;F5;01/10/2018;F;Alp;Captive;Aquatic1;4;3.55;5.2;8.7;0.68;FALSE;Aquatic1;A5
MD541;M6;01/10/2018;M;Alp;Captive;Aquatic1;4;3;4.6;7.6;0.65;FALSE;Aquatic1;A6
MD542;F6;01/10/2018;F;Alp;Captive;Aquatic1;4;2.95;5;8.9;0.59;FALSE;Aquatic1;A6
MD543;M7;01/10/2018;M;Alp;Captive;Aquatic1;4;2.32;4.2;7;0.55;FALSE;Aquatic1;A7
MD544;F7;01/10/2018;F;Alp;Captive;Aquatic1;4;3.76;5.1;9.2;0.74;FALSE;Aquatic1;A7
MD545;M8;01/10/2018;M;Alp;Captive;Aquatic1;4;2.57;4.7;7.9;0.55;FALSE;Aquatic1;A8
MD546;F8;01/10/2018;F;Alp;Captive;Aquatic1;4;3.44;5.4;9.1;0.64;FALSE;Aquatic1;A8
MD547;M9;01/10/2018;M;Alp;Captive;Aquatic1;4;2.49;4.6;8.1;0.54;FALSE;Aquatic1;A9
MD548;F9;01/10/2018;F;Alp;Captive;Aquatic1;4;3.55;4.9;8.7;0.72;FALSE;Aquatic1;A9
MD549;M10;01/10/2018;M;Alp;Captive;Aquatic1;4;2.3;4.6;8.2;0.5;FALSE;Aquatic1;A10
MD551;M11;01/10/2018;M;Pal;Captive;Aquatic1;4;1.41;3.8;6.9;0.37;FALSE;Aquatic1;A11
MD552;F11;01/10/2018;F;Pal;Captive;Aquatic1;4;3.21;4.6;8.7;0.7;FALSE;Aquatic1;A11
MD553;M12;01/10/2018;M;Pal;Captive;Aquatic1;4;2.06;4;7.2;0.52;FALSE;Aquatic1;A12
MD554;F12;01/10/2018;F;Pal;Captive;Aquatic1;4;2.81;4.6;8.6;0.61;FALSE;Aquatic1;A12
MD555;M13;01/10/2018;M;Pal;Captive;Aquatic1;4;2.17;4.3;7.4;0.5;FALSE;Aquatic1;A13
MD556;F13;01/10/2018;F;Pal;Captive;Aquatic1;4;2.43;4.2;7.6;0.58;FALSE;Aquatic1;A13
MD557;M14;01/10/2018;M;Pal;Captive;Aquatic1;4;2.17;4.3;7.3;0.5;FALSE;Aquatic1;A14
MD558;F14;01/10/2018;F;Pal;Captive;Aquatic1;4;2.52;4.5;8.3;0.56;FALSE;Aquatic1;A14
MD559;M15;01/10/2018;M;Pal;Captive;Aquatic1;4;2.16;4.1;7.2;0.53;FALSE;Aquatic1;A15
MD560;F15;01/10/2018;F;Pal;Captive;Aquatic1;4;2.34;4.5;8.4;0.52;FALSE;Aquatic1;A15
MD561;M16;01/10/2018;M;Pal;Captive;Aquatic1;4;1.99;4.1;7.3;0.49;FALSE;Aquatic1;A16
MD562;F16;01/10/2018;F;Pal;Captive;Aquatic1;4;2.82;4.6;8.7;0.61;FALSE;Aquatic1;A16
MD563;M17;01/10/2018;M;Pal;Captive;Aquatic1;4;1.37;3.7;6.3;0.37;FALSE;Aquatic1;A17
MD564;F17;01/10/2018;F;Pal;Captive;Aquatic1;4;3.16;4.6;8.3;0.69;FALSE;Aquatic1;A17
MD565;M18;01/10/2018;M;Pal;Captive;Aquatic1;4;2.03;4.1;7.1;0.5;FALSE;Aquatic1;A18
MD566;F18;01/10/2018;F;Pal;Captive;Aquatic1;4;2.92;4.8;8.5;0.61;FALSE;Aquatic1;A18
MD567;M19;01/10/2018;M;Pal;Captive;Aquatic1;4;2.13;4.1;7.4;0.52;FALSE;Aquatic1;A19
MD568;F19;01/10/2018;F;Pal;Captive;Aquatic1;4;3.14;4.7;8.9;0.67;FALSE;Aquatic1;A19
MD569;M20;01/10/2018;M;Pal;Captive;Aquatic1;4;1.88;4.2;7.2;0.45;FALSE;Aquatic1;A20
MD570;F20;01/10/2018;F;Pal;Captive;Aquatic1;4;2.99;4.8;9;0.62;FALSE;Aquatic1;A20
MD581;M1;31/10/2018;M;Alp;Captive;Hibernation;5;2.52;4.1;7.4;0.61;FALSE;Hibernation;A1
MD582;F1;31/10/2018;F;Alp;Captive;Hibernation;5;3.32;4.5;8.2;0.74;FALSE;Hibernation;A1
MD583;M2;31/10/2018;M;Alp;Captive;Hibernation;5;2.64;4.3;7.3;0.61;FALSE;Hibernation;A2
MD584;F2;31/10/2018;F;Alp;Captive;Hibernation;5;3.04;4.7;8.4;0.65;FALSE;Hibernation;A2
MD585;M3;31/10/2018;M;Alp;Captive;Hibernation;5;2.2;4.3;7.5;0.51;FALSE;Hibernation;A3
MD586;F3;31/10/2018;F;Alp;Captive;Hibernation;5;3.1;4.6;8.4;0.67;FALSE;Hibernation;A3
MD587;M4;31/10/2018;M;Alp;Captive;Hibernation;5;2.9;4.7;8.2;0.62;FALSE;Hibernation;A4
MD588;F4;31/10/2018;F;Alp;Captive;Hibernation;5;3.1;4.8;8.7;0.65;FALSE;Hibernation;A4
MD589;M5;31/10/2018;M;Alp;Captive;Hibernation;5;2.2;4.4;7.2;0.5;FALSE;Hibernation;A5
MD590;F5;31/10/2018;F;Alp;Captive;Hibernation;5;3.2;5.2;8.8;0.62;FALSE;Hibernation;A5
MD591;M6;31/10/2018;M;Alp;Captive;Hibernation;5;2.6;4.3;7.4;0.6;FALSE;Hibernation;A6
MD592;F6;31/10/2018;F;Alp;Captive;Hibernation;5;2.8;4.7;8.4;0.6;FALSE;Hibernation;A6
MD593;M7;31/10/2018;M;Alp;Captive;Hibernation;5;1.9;4.3;6.6;0.44;FALSE;Hibernation;A7
MD594;F7;31/10/2018;F;Alp;Captive;Hibernation;5;3.2;4.7;8.3;0.68;FALSE;Hibernation;A7
MD595;M8;31/10/2018;M;Alp;Captive;Hibernation;5;2.2;4.2;7.3;0.52;FALSE;Hibernation;A8
MD596;F8;31/10/2018;F;Alp;Captive;Hibernation;5;3;4.9;8.7;0.61;FALSE;Hibernation;A8
MD597;M9;31/10/2018;M;Alp;Captive;Hibernation;5;2.3;4.4;7.7;0.52;FALSE;Hibernation;A9
MD598;F9;31/10/2018;F;Alp;Captive;Hibernation;5;3.2;4.4;8.4;0.73;FALSE;Hibernation;A9
MD599;M10;31/10/2018;M;Alp;Captive;Hibernation;5;2;4.1;7.8;0.49;FALSE;Hibernation;A10
MD600;F10;31/10/2018;F;Alp;Captive;Hibernation;5;3.4;5;9.3;0.68;FALSE;Hibernation;A10
MD601;M11;31/10/2018;M;Pal;Captive;Hibernation;5;1.35;3.6;6.6;0.38;FALSE;Hibernation;A11
MD602;F11;31/10/2018;F;Pal;Captive;Hibernation;5;2.77;4.7;8.5;0.59;FALSE;Hibernation;A11
MD603;M12;31/10/2018;M;Pal;Captive;Hibernation;5;1.86;3.9;7.4;0.48;FALSE;Hibernation;A12
MD604;F12;31/10/2018;F;Pal;Captive;Hibernation;5;2.42;4.6;8.4;0.53;FALSE;Hibernation;A12
MD605;M13;31/10/2018;M;Pal;Captive;Hibernation;5;1.99;4.1;7.3;0.49;FALSE;Hibernation;A13
MD606;F13;31/10/2018;F;Pal;Captive;Hibernation;5;2.14;4.1;7.5;0.52;FALSE;Hibernation;A13
MD607;M14;31/10/2018;M;Pal;Captive;Hibernation;5;1.94;4.2;7.5;0.46;FALSE;Hibernation;A14
MD608;F14;31/10/2018;F;Pal;Captive;Hibernation;5;2.32;4.4;8.2;0.53;FALSE;Hibernation;A14
MD609;M15;31/10/2018;M;Pal;Captive;Hibernation;5;1.93;4.1;7.2;0.47;FALSE;Hibernation;A15
MD610;F15;31/10/2018;F;Pal;Captive;Hibernation;5;2.14;4.3;8.3;0.5;FALSE;Hibernation;A15
MD611;M16;31/10/2018;M;Pal;Captive;Hibernation;5;1.85;4;7.1;0.46;FALSE;Hibernation;A16
MD612;F16;31/10/2018;F;Pal;Captive;Hibernation;5;2.53;4.7;8.6;0.54;FALSE;Hibernation;A16
MD613;M17;31/10/2018;M;Pal;Captive;Hibernation;5;1.2;3.4;6.6;0.35;FALSE;Hibernation;A17
MD614;F17;31/10/2018;F;Pal;Captive;Hibernation;5;2.85;4.7;8.3;0.61;FALSE;Hibernation;A17
MD615;M18;31/10/2018;M;Pal;Captive;Hibernation;5;1.77;3.9;7.1;0.45;FALSE;Hibernation;A18
MD616;F18;31/10/2018;F;Pal;Captive;Hibernation;5;2.54;4.7;8.5;0.54;FALSE;Hibernation;A18
MD617;M19;31/10/2018;M;Pal;Captive;Hibernation;5;1.87;4.1;7.2;0.46;FALSE;Hibernation;A19
MD618;F19;31/10/2018;F;Pal;Captive;Hibernation;5;2.79;4.7;8.7;0.59;FALSE;Hibernation;A19
MD619;M20;31/10/2018;M;Pal;Captive;Hibernation;5;1.65;3.8;7;0.43;FALSE;Hibernation;A20
MD620;F20;31/10/2018;F;Pal;Captive;Hibernation;5;2.65;4.5;8.3;0.59;FALSE;Hibernation;A20
MD631;M1;29/11/2018;M;Alp;Captive;Hibernation;6;2.38;4.6;8.2;0.52;FALSE;Hibernation;A1
MD632;F1;29/11/2018;F;Alp;Captive;Hibernation;6;3.05;4.8;8.4;0.64;FALSE;Hibernation;A1
MD633;M2;29/11/2018;M;Alp;Captive;Hibernation;6;2.28;4.3;7.8;0.53;FALSE;Hibernation;A2
MD634;F2;29/11/2018;F;Alp;Captive;Hibernation;6;3.07;5;8.7;0.61;FALSE;Hibernation;A2
MD635;M3;29/11/2018;M;Alp;Captive;Hibernation;6;2.13;4.4;7.5;0.48;FALSE;Hibernation;A3
MD636;F3;29/11/2018;F;Alp;Captive;Hibernation;6;2.95;4.8;8.6;0.61;FALSE;Hibernation;A3
MD637;M4;29/11/2018;M;Alp;Captive;Hibernation;6;3.02;5.2;8.6;0.58;FALSE;Hibernation;A4
MD638;F4;29/11/2018;F;Alp;Captive;Hibernation;6;2.98;4.9;8.9;0.61;FALSE;Hibernation;A4
MD639;M5;29/11/2018;M;Alp;Captive;Hibernation;6;2.18;4.5;8;0.48;FALSE;Hibernation;A5
MD640;F5;29/11/2018;F;Alp;Captive;Hibernation;6;3.15;5.1;8.8;0.62;FALSE;Hibernation;A5
MD641;M6;29/11/2018;M;Alp;Captive;Hibernation;6;2.49;4.5;7.5;0.55;FALSE;Hibernation;A6
MD642;F6;29/11/2018;F;Alp;Captive;Hibernation;6;2.82;4.9;8.6;0.58;FALSE;Hibernation;A6
MD643;M7;29/11/2018;M;Alp;Captive;Hibernation;6;1.96;4.5;7.3;0.44;FALSE;Hibernation;A7
MD644;F7;29/11/2018;F;Alp;Captive;Hibernation;6;3.17;5;9;0.63;FALSE;Hibernation;A7
MD645;M8;29/11/2018;M;Alp;Captive;Hibernation;6;2.19;4.4;7.9;0.5;FALSE;Hibernation;A8
MD646;F8;29/11/2018;F;Alp;Captive;Hibernation;6;2.97;5.1;9.1;0.58;FALSE;Hibernation;A8
MD647;M9;29/11/2018;M;Alp;Captive;Hibernation;6;2.23;4.5;8.2;0.5;FALSE;Hibernation;A9
MD648;F9;29/11/2018;F;Alp;Captive;Hibernation;6;2.95;5;7.8;0.59;FALSE;Hibernation;A9
MD649;M10;29/11/2018;M;Alp;Captive;Hibernation;6;2.02;4.5;8.2;0.45;FALSE;Hibernation;A10
MD650;F10;29/11/2018;F;Alp;Captive;Hibernation;6;3.35;5.2;9.2;0.64;FALSE;Hibernation;A10
MD651;M11;29/11/2018;M;Pal;Captive;Hibernation;6;1.25;3.8;6.7;0.33;FALSE;Hibernation;A11
MD652;F11;29/11/2018;F;Pal;Captive;Hibernation;6;2.62;4.7;8.8;0.56;FALSE;Hibernation;A11
MD653;M12;29/11/2018;M;Pal;Captive;Hibernation;6;1.71;4;7.5;0.43;FALSE;Hibernation;A12
MD654;F12;29/11/2018;F;Pal;Captive;Hibernation;6;2.32;4.7;8.4;0.49;FALSE;Hibernation;A12
MD655;M13;29/11/2018;M;Pal;Captive;Hibernation;6;1.89;4.3;7.5;0.44;FALSE;Hibernation;A13
MD656;F13;29/11/2018;F;Pal;Captive;Hibernation;6;2.08;4.3;7.7;0.48;FALSE;Hibernation;A13
MD657;M14;29/11/2018;M;Pal;Captive;Hibernation;6;1.86;4.4;7.3;0.42;FALSE;Hibernation;A14
MD658;F14;29/11/2018;F;Pal;Captive;Hibernation;6;2.26;4.6;8.2;0.49;FALSE;Hibernation;A14
MD659;M15;29/11/2018;M;Pal;Captive;Hibernation;6;1.79;4.1;7.3;0.44;FALSE;Hibernation;A15
MD660;F15;29/11/2018;F;Pal;Captive;Hibernation;6;2.15;4.4;8.3;0.49;FALSE;Hibernation;A15
MD661;M16;29/11/2018;M;Pal;Captive;Hibernation;6;1.75;4.2;7.3;0.42;FALSE;Hibernation;A16
MD662;F16;29/11/2018;F;Pal;Captive;Hibernation;6;2.33;4.8;8.6;0.49;FALSE;Hibernation;A16
MD663;M17;29/11/2018;M;Pal;Captive;Hibernation;6;1.12;3.7;6.8;0.3;FALSE;Hibernation;A17
MD664;F17;29/11/2018;F;Pal;Captive;Hibernation;6;2.69;4.8;8.5;0.56;FALSE;Hibernation;A17
MD665;M18;29/11/2018;M;Pal;Captive;Hibernation;6;1.78;4;7.5;0.45;FALSE;Hibernation;A18
MD666;F18;29/11/2018;F;Pal;Captive;Hibernation;6;2.42;4.9;8.6;0.49;FALSE;Hibernation;A18
MD667;M19;29/11/2018;M;Pal;Captive;Hibernation;6;1.79;4.3;7.7;0.42;FALSE;Hibernation;A19
MD668;F19;29/11/2018;F;Pal;Captive;Hibernation;6;2.65;5;8.7;0.53;FALSE;Hibernation;A19
MD669;M20;29/11/2018;M;Pal;Captive;Hibernation;6;1.61;4.1;6.9;0.39;FALSE;Hibernation;A20
MD670;F20;29/11/2018;F;Pal;Captive;Hibernation;6;2.57;4.8;8.7;0.54;FALSE;Hibernation;A20
MD681;M1;02/01/2019;M;Alp;Captive;Hibernation;7;2.25;4.6;8.2;0.49;FALSE;Hibernation;A1
MD682;F1;02/01/2019;F;Alp;Captive;Hibernation;7;3;4.8;8.5;0.63;FALSE;Hibernation;A1
MD683;M2;02/01/2019;M;Alp;Captive;Hibernation;7;2.27;4.4;8;0.52;FALSE;Hibernation;A2
MD684;F2;02/01/2019;F;Alp;Captive;Hibernation;7;2.86;4.9;8.4;0.58;FALSE;Hibernation;A2
MD685;M3;02/01/2019;M;Alp;Captive;Hibernation;7;2.17;4.3;7.4;0.5;FALSE;Hibernation;A3
MD686;F3;02/01/2019;F;Alp;Captive;Hibernation;7;2.88;4.8;8.6;0.6;FALSE;Hibernation;A3
MD687;M4;02/01/2019;M;Alp;Captive;Hibernation;7;2.93;5;8.4;0.59;FALSE;Hibernation;A4
MD688;F4;02/01/2019;F;Alp;Captive;Hibernation;7;2.66;4.8;9.1;0.55;FALSE;Hibernation;A4
MD689;M5;02/01/2019;M;Alp;Captive;Hibernation;7;2.08;4.6;7.7;0.45;FALSE;Hibernation;A5
MD690;F5;02/01/2019;F;Alp;Captive;Hibernation;7;3.12;5.3;8.7;0.59;FALSE;Hibernation;A5
MD691;M6;02/01/2019;M;Alp;Captive;Hibernation;7;2.38;4.5;7.5;0.53;FALSE;Hibernation;A6
MD692;F6;02/01/2019;F;Alp;Captive;Hibernation;7;2.76;5;8.4;0.55;FALSE;Hibernation;A6
MD693;M7;02/01/2019;M;Alp;Captive;Hibernation;7;1.89;4.3;6.8;0.44;FALSE;Hibernation;A7
MD694;F7;02/01/2019;F;Alp;Captive;Hibernation;7;3.02;5;8.9;0.6;FALSE;Hibernation;A7
MD695;M8;02/01/2019;M;Alp;Captive;Hibernation;7;2.1;4.3;7.8;0.49;FALSE;Hibernation;A8
MD696;F8;02/01/2019;F;Alp;Captive;Hibernation;7;2.91;4.7;8.4;0.62;FALSE;Hibernation;A8
MD697;M9;02/01/2019;M;Alp;Captive;Hibernation;7;2.21;4.5;8.2;0.49;FALSE;Hibernation;A9
MD698;F9;02/01/2019;F;Alp;Captive;Hibernation;7;2.85;4.8;8.7;0.59;FALSE;Hibernation;A9
MD699;M10;02/01/2019;M;Alp;Captive;Hibernation;7;2.01;4.2;7.8;0.48;FALSE;Hibernation;A10
MD700;F10;02/01/2019;F;Alp;Captive;Hibernation;7;3.22;5;8.9;0.64;FALSE;Hibernation;A10
MD701;M11;02/01/2019;M;Pal;Captive;Hibernation;7;1.22;3.7;6.7;0.33;FALSE;Hibernation;A11
MD702;F11;02/01/2019;F;Pal;Captive;Hibernation;7;2.59;4.8;8.8;0.54;FALSE;Hibernation;A11
MD703;M12;02/01/2019;M;Pal;Captive;Hibernation;7;1.75;3.8;7.4;0.46;FALSE;Hibernation;A12
MD704;F12;02/01/2019;F;Pal;Captive;Hibernation;7;2.38;4.5;8.3;0.53;FALSE;Hibernation;A12
MD705;M13;02/01/2019;M;Pal;Captive;Hibernation;7;1.83;4.1;7.7;0.45;FALSE;Hibernation;A13
MD706;F13;02/01/2019;F;Pal;Captive;Hibernation;7;1.88;4.1;7.5;0.46;FALSE;Hibernation;A13
MD707;M14;02/01/2019;M;Pal;Captive;Hibernation;7;1.84;4.2;7.6;0.44;FALSE;Hibernation;A14
MD708;F14;02/01/2019;F;Pal;Captive;Hibernation;7;2.2;4.4;8.1;0.5;FALSE;Hibernation;A14
MD709;M15;02/01/2019;M;Pal;Captive;Hibernation;7;1.77;4;7.2;0.44;FALSE;Hibernation;A15
MD710;F15;02/01/2019;F;Pal;Captive;Hibernation;7;2.12;4.3;8.2;0.49;FALSE;Hibernation;A15
MD711;M16;02/01/2019;M;Pal;Captive;Hibernation;7;1.75;4;7.3;0.44;FALSE;Hibernation;A16
MD712;F16;02/01/2019;F;Pal;Captive;Hibernation;7;2.21;4.6;8.5;0.48;FALSE;Hibernation;A16
MD713;M17;02/01/2019;M;Pal;Captive;Hibernation;7;1.11;3.6;6.8;0.31;FALSE;Hibernation;A17
MD714;F17;02/01/2019;F;Pal;Captive;Hibernation;7;2.6;4.7;8.2;0.55;FALSE;Hibernation;A17
MD715;M18;02/01/2019;M;Pal;Captive;Hibernation;7;1.73;4.1;7.5;0.42;FALSE;Hibernation;A18
MD717;M19;02/01/2019;M;Pal;Captive;Hibernation;7;1.8;4.1;7.7;0.44;FALSE;Hibernation;A19
MD718;F19;02/01/2019;F;Pal;Captive;Hibernation;7;2.62;4.6;8.7;0.57;FALSE;Hibernation;A19
MD719;M20;02/01/2019;M;Pal;Captive;Hibernation;7;1.6;4;7.2;0.4;FALSE;Hibernation;A20
MD720;F20;02/01/2019;F;Pal;Captive;Hibernation;7;2.5;4.5;8.4;0.56;FALSE;Hibernation;A20
MD727;M1;31/01/2019;M;Alp;Captive;Aquatic2;8;2.63;4.6;7.6;0.57;FALSE;Aquatic2;A1
MD728;F1;31/01/2019;F;Alp;Captive;Aquatic2;8;3.62;5;8.9;0.72;FALSE;Aquatic2;A1
MD729;M2;31/01/2019;M;Alp;Captive;Aquatic2;8;2.54;4.6;7.7;0.55;FALSE;Aquatic2;A2
MD730;F2;31/01/2019;F;Alp;Captive;Aquatic2;8;3.12;5.1;7;0.61;FALSE;Aquatic2;A2
MD731;M3;31/01/2019;M;Alp;Captive;Aquatic2;8;2.44;4.5;7.6;0.54;FALSE;Aquatic2;A3
MD732;F3;31/01/2019;F;Alp;Captive;Aquatic2;8;3.27;4.8;8.4;0.68;FALSE;Aquatic2;A3
MD733;M4;31/01/2019;M;Alp;Captive;Aquatic2;8;3.13;5.2;8.2;0.6;FALSE;Aquatic2;A4
MD734;F4;31/01/2019;F;Alp;Captive;Aquatic2;8;3.31;5.1;9.2;0.65;FALSE;Aquatic2;A4
MD735;M5;31/01/2019;M;Alp;Captive;Aquatic2;8;2.31;4.6;7.9;0.5;FALSE;Aquatic2;A5
MD736;F5;31/01/2019;F;Alp;Captive;Aquatic2;8;3.72;5.5;9;0.68;FALSE;Aquatic2;A5
MD737;M6;31/01/2019;M;Alp;Captive;Aquatic2;8;2.84;4.7;7.8;0.6;FALSE;Aquatic2;A6
MD738;F6;31/01/2019;F;Alp;Captive;Aquatic2;8;3.12;5.1;8.1;0.61;FALSE;Aquatic2;A6
MD739;M7;31/01/2019;M;Alp;Captive;Aquatic2;8;2.37;4.8;7.1;0.49;FALSE;Aquatic2;A7
MD740;F7;31/01/2019;F;Alp;Captive;Aquatic2;8;3.6;5.3;9.1;0.68;FALSE;Aquatic2;A7
MD741;M8;31/01/2019;M;Alp;Captive;Aquatic2;8;2.38;4.3;7.7;0.55;FALSE;Aquatic2;A8
MD742;F8;31/01/2019;F;Alp;Captive;Aquatic2;8;3.46;5.2;9.2;0.67;FALSE;Aquatic2;A8
MD743;M9;31/01/2019;M;Alp;Captive;Aquatic2;8;2.26;4.5;7.8;0.5;FALSE;Aquatic2;A9
MD744;F9;31/01/2019;F;Alp;Captive;Aquatic2;8;3.37;5;8.9;0.67;FALSE;Aquatic2;A9
MD745;M10;31/01/2019;M;Alp;Captive;Aquatic2;8;2.12;4.3;7.8;0.49;FALSE;Aquatic2;A10
MD746;F10;31/01/2019;F;Alp;Captive;Aquatic2;8;3.74;5.1;9.2;0.73;FALSE;Aquatic2;A10
MD747;M11;31/01/2019;M;Pal;Captive;Aquatic2;8;1.26;3.9;6.6;0.32;FALSE;Aquatic2;A11
MD748;F11;31/01/2019;F;Pal;Captive;Aquatic2;8;3.63;5;9;0.73;FALSE;Aquatic2;A11
MD749;M12;31/01/2019;M;Pal;Captive;Aquatic2;8;1.99;4.1;7.2;0.49;FALSE;Aquatic2;A12
MD750;F12;31/01/2019;F;Pal;Captive;Aquatic2;8;3.03;4.6;8.2;0.66;FALSE;Aquatic2;A12
MD751;M13;31/01/2019;M;Pal;Captive;Aquatic2;8;2.15;4.2;7.3;0.51;FALSE;Aquatic2;A13
MD752;F13;31/01/2019;F;Pal;Captive;Aquatic2;8;2.52;4.4;7.9;0.57;FALSE;Aquatic2;A13
MD753;M14;31/01/2019;M;Pal;Captive;Aquatic2;8;1.89;4.3;7.4;0.44;FALSE;Aquatic2;A14
MD754;F14;31/01/2019;F;Pal;Captive;Aquatic2;8;2.89;4.8;8.5;0.6;FALSE;Aquatic2;A14
MD755;M15;31/01/2019;M;Pal;Captive;Aquatic2;8;1.94;4.1;7.2;0.47;FALSE;Aquatic2;A15
MD756;F15;31/01/2019;F;Pal;Captive;Aquatic2;8;2.62;4.5;8.5;0.58;FALSE;Aquatic2;A15
MD757;M16;31/01/2019;M;Pal;Captive;Aquatic2;8;1.89;4.2;7.2;0.45;FALSE;Aquatic2;A16
MD758;F16;31/01/2019;F;Pal;Captive;Aquatic2;8;3.14;4.9;8.8;0.64;FALSE;Aquatic2;A16
MD759;M17;31/01/2019;M;Pal;Captive;Aquatic2;8;1.45;3.7;6.7;0.39;FALSE;Aquatic2;A17
MD760;F17;31/01/2019;F;Pal;Captive;Aquatic2;8;3.12;4.8;8.6;0.65;FALSE;Aquatic2;A17
MD761;M18;31/01/2019;M;Pal;Captive;Aquatic2;8;1.95;4.1;7.2;0.48;FALSE;Aquatic2;A18
MD762;F18;31/01/2019;F;Pal;Captive;Aquatic2;8;3.07;4.9;8.8;0.63;FALSE;Aquatic2;A18
MD763;M19;31/01/2019;M;Pal;Captive;Aquatic2;8;1.92;4.4;7.6;0.44;FALSE;Aquatic2;A19
MD764;F19;31/01/2019;F;Pal;Captive;Aquatic2;8;3.32;4.8;9;0.69;FALSE;Aquatic2;A19
MD765;M20;31/01/2019;M;Pal;Captive;Aquatic2;8;1.83;4.2;7;0.44;FALSE;Aquatic2;A20
MD766;F20;31/01/2019;F;Pal;Captive;Aquatic2;8;3.12;4.8;8.9;0.65;FALSE;Aquatic2;A20
MD779;M1;27/02/2019;M;Alp;Captive;Aquatic2;9;3.13;4.7;8.3;0.67;FALSE;Aquatic2;A1
MD780;F1;27/02/2019;F;Alp;Captive;Aquatic2;9;3.75;5;9.1;0.75;FALSE;Aquatic2;A1
MD781;M2;27/02/2019;M;Alp;Captive;Aquatic2;9;2.74;4.5;7.5;0.61;FALSE;Aquatic2;A2
MD782;F2;27/02/2019;F;Alp;Captive;Aquatic2;9;3.42;5.3;8.9;0.65;FALSE;Aquatic2;A2
MD783;M3;27/02/2019;M;Alp;Captive;Aquatic2;9;2.72;4.5;7.6;0.6;FALSE;Aquatic2;A3
MD784;F3;27/02/2019;F;Alp;Captive;Aquatic2;9;3.53;5;8.6;0.71;FALSE;Aquatic2;A3
MD785;M4;27/02/2019;M;Alp;Captive;Aquatic2;9;3.45;5.2;8.4;0.66;FALSE;Aquatic2;A4
MD786;F4;27/02/2019;F;Alp;Captive;Aquatic2;9;3.61;5.2;9.3;0.69;FALSE;Aquatic2;A4
MD787;M5;27/02/2019;M;Alp;Captive;Aquatic2;9;2.44;4.8;8;0.51;FALSE;Aquatic2;A5
MD788;F5;27/02/2019;F;Alp;Captive;Aquatic2;9;4.3;5.4;8.9;0.8;FALSE;Aquatic2;A5
MD789;M6;27/02/2019;M;Alp;Captive;Aquatic2;9;3.01;4.7;7.2;0.64;FALSE;Aquatic2;A6
MD790;F6;27/02/2019;F;Alp;Captive;Aquatic2;9;3.56;5.1;8.8;0.7;FALSE;Aquatic2;A6
MD791;M7;27/02/2019;M;Alp;Captive;Aquatic2;9;2.51;4.7;7;0.53;FALSE;Aquatic2;A7
MD792;F7;27/02/2019;F;Alp;Captive;Aquatic2;9;4.02;5.1;9.1;0.79;FALSE;Aquatic2;A7
MD793;M8;27/02/2019;M;Alp;Captive;Aquatic2;9;2.72;4.6;7.9;0.59;FALSE;Aquatic2;A8
MD794;F8;27/02/2019;F;Alp;Captive;Aquatic2;9;3.61;5.1;9;0.71;FALSE;Aquatic2;A8
MD795;M9;27/02/2019;M;Alp;Captive;Aquatic2;9;2.43;4.4;7.9;0.55;FALSE;Aquatic2;A9
MD796;F9;27/02/2019;F;Alp;Captive;Aquatic2;9;3.75;4.6;8.2;0.82;FALSE;Aquatic2;A9
MD797;M10;27/02/2019;M;Alp;Captive;Aquatic2;9;2.28;4.3;7.7;0.53;FALSE;Aquatic2;A10
MD798;F10;27/02/2019;F;Alp;Captive;Aquatic2;9;4.19;5.2;9.5;0.81;FALSE;Aquatic2;A10
MD799;M11;27/02/2019;M;Pal;Captive;Aquatic2;9;1.35;3.8;6.7;0.36;FALSE;Aquatic2;A11
MD800;F11;27/02/2019;F;Pal;Captive;Aquatic2;9;4;5;9.2;0.8;FALSE;Aquatic2;A11
MD801;M12;27/02/2019;M;Pal;Captive;Aquatic2;9;2.07;4.1;7.2;0.5;FALSE;Aquatic2;A12
MD802;F12;27/02/2019;F;Pal;Captive;Aquatic2;9;3.44;4.7;8.7;0.73;FALSE;Aquatic2;A12
MD803;M13;27/02/2019;M;Pal;Captive;Aquatic2;9;2.16;4.2;6.4;0.51;FALSE;Aquatic2;A13
MD804;F13;27/02/2019;F;Pal;Captive;Aquatic2;9;2.8;4.4;8;0.64;FALSE;Aquatic2;A13
MD805;M14;27/02/2019;M;Pal;Captive;Aquatic2;9;2.1;4.5;7.4;0.47;FALSE;Aquatic2;A14
MD806;F14;27/02/2019;F;Pal;Captive;Aquatic2;9;3.18;4.9;8.7;0.65;FALSE;Aquatic2;A14
MD807;M15;27/02/2019;M;Pal;Captive;Aquatic2;9;2.05;4.2;7.2;0.49;FALSE;Aquatic2;A15
MD808;F15;27/02/2019;F;Pal;Captive;Aquatic2;9;3.07;4.6;8.8;0.67;FALSE;Aquatic2;A15
MD809;M16;27/02/2019;M;Pal;Captive;Aquatic2;9;2.07;4.1;7.2;0.5;FALSE;Aquatic2;A16
MD810;F16;27/02/2019;F;Pal;Captive;Aquatic2;9;3.35;5;9.2;0.67;FALSE;Aquatic2;A16
MD811;M17;27/02/2019;M;Pal;Captive;Aquatic2;9;1.46;3.8;6.9;0.38;FALSE;Aquatic2;A17
MD812;F17;27/02/2019;F;Pal;Captive;Aquatic2;9;3.5;4.8;8.6;0.73;FALSE;Aquatic2;A17
MD813;M18;27/02/2019;M;Pal;Captive;Aquatic2;9;1.93;4.3;7.4;0.45;FALSE;Aquatic2;A18
MD814;F18;27/02/2019;F;Pal;Captive;Aquatic2;9;3.27;4.9;8.8;0.67;FALSE;Aquatic2;A18
MD815;M19;27/02/2019;M;Pal;Captive;Aquatic2;9;2.05;4.3;7.5;0.48;FALSE;Aquatic2;A19
MD816;F19;27/02/2019;F;Pal;Captive;Aquatic2;9;3.56;4.9;9.2;0.73;FALSE;Aquatic2;A19
MD817;M20;27/02/2019;M;Pal;Captive;Aquatic2;9;1.99;4.1;7;0.49;FALSE;Aquatic2;A20
MD818;F20;27/02/2019;F;Pal;Captive;Aquatic2;9;3.27;4.8;9;0.68;FALSE;Aquatic2;A20
MD825;M1;28/03/2019;M;Alp;Captive;Aquatic2;10;3;4.9;8.4;0.61;FALSE;Aquatic2;A1
MD826;F1;28/03/2019;F;Alp;Captive;Aquatic2;10;3.75;5.3;8.2;0.71;FALSE;Aquatic2;A1
MD827;M2;28/03/2019;M;Alp;Captive;Aquatic2;10;2.57;4.6;7.8;0.56;FALSE;Aquatic2;A2
MD828;F2;28/03/2019;F;Alp;Captive;Aquatic2;10;3.48;5.1;8.8;0.68;FALSE;Aquatic2;A2
MD829;M3;28/03/2019;M;Alp;Captive;Aquatic2;10;2.78;4.6;7.8;0.6;FALSE;Aquatic2;A3
MD830;F3;28/03/2019;F;Alp;Captive;Aquatic2;10;3.75;4.9;8.6;0.77;FALSE;Aquatic2;A3
MD831;M4;28/03/2019;M;Alp;Captive;Aquatic2;10;3.59;5.1;8.2;0.7;FALSE;Aquatic2;A4
MD832;F4;28/03/2019;F;Alp;Captive;Aquatic2;10;3.77;5.1;9;0.74;FALSE;Aquatic2;A4
MD833;M5;28/03/2019;M;Alp;Captive;Aquatic2;10;2.45;4.6;7.9;0.53;FALSE;Aquatic2;A5
MD834;F5;28/03/2019;F;Alp;Captive;Aquatic2;10;4.33;5.4;8.9;0.8;FALSE;Aquatic2;A5
MD835;M6;28/03/2019;M;Alp;Captive;Aquatic2;10;2.9;4.6;7.2;0.63;FALSE;Aquatic2;A6
MD836;F6;28/03/2019;F;Alp;Captive;Aquatic2;10;3.63;4.8;8.5;0.76;FALSE;Aquatic2;A6
MD837;M7;28/03/2019;M;Alp;Captive;Aquatic2;10;2.5;4.4;6.5;0.57;FALSE;Aquatic2;A7
MD838;F7;28/03/2019;F;Alp;Captive;Aquatic2;10;4.07;5.2;9.2;0.78;FALSE;Aquatic2;A7
MD839;M8;28/03/2019;M;Alp;Captive;Aquatic2;10;2.75;4.5;8;0.61;FALSE;Aquatic2;A8
MD840;F8;28/03/2019;F;Alp;Captive;Aquatic2;10;3.65;5.4;9.1;0.68;FALSE;Aquatic2;A8
MD841;M9;28/03/2019;M;Alp;Captive;Aquatic2;10;2.34;4.6;8.1;0.51;FALSE;Aquatic2;A9
MD842;F9;28/03/2019;F;Alp;Captive;Aquatic2;10;3.68;5.1;8.2;0.72;FALSE;Aquatic2;A9
MD843;M10;28/03/2019;M;Alp;Captive;Aquatic2;10;2.36;4.5;8.2;0.52;FALSE;Aquatic2;A10
MD844;F10;28/03/2019;F;Alp;Captive;Aquatic2;10;3.93;5.3;9.4;0.74;FALSE;Aquatic2;A10
MD845;M11;28/03/2019;M;Pal;Captive;Aquatic2;10;1.4;3.8;6.8;0.37;FALSE;Aquatic2;A11
MD846;F11;28/03/2019;F;Pal;Captive;Aquatic2;10;4.16;5;9.2;0.83;FALSE;Aquatic2;A11
MD847;M12;28/03/2019;M;Pal;Captive;Aquatic2;10;2.02;4.1;7.2;0.49;FALSE;Aquatic2;A12
MD848;F12;28/03/2019;F;Pal;Captive;Aquatic2;10;3.19;4.7;8.6;0.68;FALSE;Aquatic2;A12
MD849;M13;28/03/2019;M;Pal;Captive;Aquatic2;10;2.16;4.1;7.3;0.53;FALSE;Aquatic2;A13
MD850;F13;28/03/2019;F;Pal;Captive;Aquatic2;10;2.53;4.4;8;0.58;FALSE;Aquatic2;A13
MD851;M14;28/03/2019;M;Pal;Captive;Aquatic2;10;1.9;4.2;7.1;0.45;FALSE;Aquatic2;A14
MD852;F14;28/03/2019;F;Pal;Captive;Aquatic2;10;2.9;4.6;8.9;0.63;FALSE;Aquatic2;A14
MD853;M15;28/03/2019;M;Pal;Captive;Aquatic2;10;1.98;4.2;6.8;0.47;FALSE;Aquatic2;A15
MD854;F15;28/03/2019;F;Pal;Captive;Aquatic2;10;2.85;4.7;8.7;0.61;FALSE;Aquatic2;A15
MD855;M16;28/03/2019;M;Pal;Captive;Aquatic2;10;2.05;4.3;7.3;0.48;FALSE;Aquatic2;A16
MD856;F16;28/03/2019;F;Pal;Captive;Aquatic2;10;3.22;4.8;8.8;0.67;FALSE;Aquatic2;A16
MD857;M17;28/03/2019;M;Pal;Captive;Aquatic2;10;1.48;3.8;6.9;0.39;FALSE;Aquatic2;A17
MD858;F17;28/03/2019;F;Pal;Captive;Aquatic2;10;3.59;4.8;8.5;0.75;FALSE;Aquatic2;A17
MD859;M18;28/03/2019;M;Pal;Captive;Aquatic2;10;1.82;4.1;7.2;0.44;FALSE;Aquatic2;A18
MD860;F18;28/03/2019;F;Pal;Captive;Aquatic2;10;2.87;4.8;8.8;0.6;FALSE;Aquatic2;A18
MD861;M19;28/03/2019;M;Pal;Captive;Aquatic2;10;2;4.3;7.5;0.47;FALSE;Aquatic2;A19
MD862;F19;28/03/2019;F;Pal;Captive;Aquatic2;10;3.33;5;8.9;0.67;FALSE;Aquatic2;A19
MD863;M20;28/03/2019;M;Pal;Captive;Aquatic2;10;1.94;4.1;7;0.47;FALSE;Aquatic2;A20
MD864;F20;28/03/2019;F;Pal;Captive;Aquatic2;10;3.1;4.7;8.9;0.66;FALSE;Aquatic2;A20
